codigo_local,nombre_local,descripcion_local
1,"Boyer, Kshlerin and Beatty","Poisn by anticoag antag, vit K and oth coag, assault, subs"
2,Bednar-Kulas,"Driver of pk-up/van inj in clsn w 2/3-whl mv nontraf, subs"
3,Hammes-Fadel,"Disp fx of l radial styloid pro, init for opn fx type 3A/B/C"
4,Hartmann LLC,"War operations involving flamethrower, civilian"
5,"Jones, Sipes and Bartoletti","Adverse effect of other synthetic narcotics, sequela"
6,Kris-Hahn,"Nondisplaced Maisonneuve's fracture of unsp leg, sequela"
7,"Gulgowski, Cassin and McKenzie","Underdosing of other estrogens and progestogens, init encntr"
8,Deckow and Sons,"Disp fx of dist phalanx of r little finger, init for opn fx"
9,Hodkiewicz Group,"Complete traumatic amp at knee level, unsp low leg, sequela"
10,Littel-Lowe,"Age-rel osteopor w crnt path fx, unsp shldr, 7thG"
11,"Boyle, Stark and Doyle","Age-rel osteopor w crnt path fx, verteb, 7thK"
12,"Haag, Treutel and Hyatt","Perforated corneal ulcer, unspecified eye"
13,"Auer, Langworth and Botsford","Other physeal fracture of lower end of left fibula, sequela"
14,Kohler LLC,"Occup of bus injured pick-up truck, pk-up/van in traf, subs"
15,Kautzer LLC,"Unsp mtrcy rider inj in clsn w statnry object in traf, init"
16,Simonis Inc,Oth diabetes mellitus with hyperosmolarity with coma
17,Weimann-Harvey,Open bite of vagina and vulva
18,Jones Group,Pulmonary complications of anesthesia during pregnancy
19,Kunze-Weber,"Lacerat extn musc/fasc/tend r little fngr at forarm lv, sqla"
20,Fritsch-Larson,"Mtrcy pasngr inj in clsn w nonmtr vehicle nontraf, sequela"
21,Gerlach LLC,"Breakdown (mechanical) of int fix of bone of r low leg, init"
22,"Keeling, Ward and Blick","Subluxation of MTP joint of left great toe, subs"
23,Feil LLC,Contusion of other specified part of neck
24,"Zieme, Kunde and Bechtelar","Lacrimal gland dislocation, bilateral lacrimal glands"
25,Rodriguez-Kunde,"Inferior dislocation of left humerus, initial encounter"
26,Stanton Group,"Milt op involving unsp dest arcrft, civilian, subs"
27,Johnson-Schoen,"Unsp open wound of l idx fngr w/o damage to nail, sequela"
28,Willms-Greenfelder,Candidal meningitis
29,"Jaskolski, Mann and Roob","Otitic barotrauma, initial encounter"
30,Morissette Inc,"Dislocation of oth carpometacarpal joint of right hand, subs"
31,"Wisozk, Kessler and Dickinson","Unsp nondisp fx of sixth cervcal vert, 7thD"
32,"Dach, Kling and Ondricka","Laceration of unsp blood vessel at shldr/up arm, right arm"
33,Von Inc,"Nondisp fx of triquetrum bone, left wrist, init for clos fx"
34,"Braun, Greenfelder and Shanahan","Displ oblique fx shaft of unsp femr, 7thH"
35,Steuber and Sons,"Sltr-haris Type I physeal fx upper end radius, right arm"
36,Borer-Rempel,"Burn of third degree of right hand, unsp site, subs encntr"
37,Hintz-Kertzmann,Transsexualism
38,Beatty LLC,Unspecified superficial injury of thumb
39,"Ankunding, Larkin and Fisher","Sltr-haris Type II physl fx low end rad, l arm, 7thK"
40,Green-Carter,Benign neoplasm of mediastinum
41,Zieme-Bins,Other cervical disc displacement
42,Watsica LLC,"Unsp intracranial injury w/o loss of consciousness, sequela"
43,Strosin-Powlowski,"Nondisp fx of epiphy (separation) (upper) of l femr, 7thN"
44,"Quitzon, Terry and D'Amore",Accidental drowning and submersion while in swimming-pool
45,"Halvorson, Luettgen and Hand","Neutropenia, unspecified"
46,Halvorson-Senger,Papillomavirus as the cause of diseases classified elsewhere
47,Morar Inc,"Laceration of ulnar artery at wrs/hnd lv of unsp arm, subs"
48,Stanton-Williamson,Newborn affected by precipitate delivery
49,Hahn-Grady,"Burn 2nd deg mul site of left shldr/up lmb, ex wrs/hnd, sqla"
50,"O'Hara, Carroll and Trantow","Nondisp fx of lateral cuneiform of right foot, sequela"
51,"Littel, Reichert and Schoen",Subluxation of L1/L2 lumbar vertebra
52,Runte-Pollich,"Adverse effect of immunoglobulin, subsequent encounter"
53,Ferry-Gulgowski,"Lateral subluxation of proximal end of tibia, right knee"
54,Bechtelar and Sons,Other burn on board fishing boat
55,"Kemmer, Feest and Satterfield","Toxic effect of manganese and its compounds, undetermined"
56,Schaefer and Sons,"Burn of second degree of right thumb (nail), init encntr"
57,"Klocko, Rohan and Fahey",Postproc seroma of a GU sys org following other procedure
58,Zulauf and Sons,External constriction of hand
59,Kihn-Hickle,"Nondisp fx of med condyle of r tibia, 7thR"
60,"Gislason, Hegmann and Gleason","Fracture of unspecified part of neck of left femur, sequela"
61,"Gorczany, Osinski and Kuvalis","Strain long flexor musc/fasc/tend thmb at wrs/hnd lv, sqla"
62,Kirlin-Dare,"Disp fx of med phalanx of r idx fngr, 7thG"
63,O'Keefe-Walker,"Compartment syndrome, unspecified, subsequent encounter"
64,Kunze and Sons,"Adverse effect of unsp antipsychot/neurolept, sequela"
65,O'Connell Group,"Calcium deposit in bursa, unspecified hip"
66,"Kulas, Hegmann and Rau","Poisoning by salicylates, accidental (unintentional), subs"
67,Metz-Upton,Displaced fracture of right ulna styloid process
68,"Barrows, Heaney and Turcotte",Unspecified effects of drowning and nonfatal submersion
69,Rau Inc,Other hyperaldosteronism
70,"Stehr, Rau and Casper","Diab with prolif diabetic rtnop without macular edema, unsp"
71,Bechtelar Group,"Inj r int crtd,intcr w LOC w dth d/t brain inj bf consc,init"
72,O'Kon-Skiles,Disp fx of olecran pro w intartic extension of right ulna
73,"Strosin, Berge and Dare","Poisn by antigonadtr/antiestr/antiandrg, NEC, undet, init"
74,"Oberbrunner, Crooks and Wilkinson","Smith's fracture of r radius, init for opn fx type 3A/B/C"
75,Jaskolski and Sons,"Oth physeal fx upper end of r femur, subs for fx w malunion"
76,Schroeder-Quigley,Injury of intrinsic msl/tnd at ankle and foot level
77,Christiansen-O'Kon,Corrosion of first degree of right thumb (nail)
78,"Sauer, Grimes and Cassin",Person injured in collision between car and bus (traffic)
79,"Harvey, Erdman and Jakubowski","Corrosion of first degree of right thumb (nail), sequela"
80,Cruickshank-Cormier,"Nondisp seg fx shaft of r fibula, 7thJ"
81,Bayer and Sons,Unspecified open wound of unspecified hand
82,O'Reilly LLC,"Unsp fx upper end unsp ulna, subs for clos fx w routn heal"
83,"Nitzsche, Corwin and Waters",Unstable burst fracture of fourth lumbar vertebra
84,Frami-Huel,"Fetal anemia and thrombocytopenia, first trimester, fetus 3"
85,Hahn LLC,"Speech disturbances, not elsewhere classified"
86,"Hickle, Vandervort and Runolfsson","Oth fracture of base of skull, subs for fx w routn heal"
87,Streich-Waelchi,Streptococcal sepsis
88,"Batz, Schroeder and Roberts",Shock following ectopic and molar pregnancy
89,Donnelly LLC,"Other disorders of bone development and growth, left tibia"
90,Crooks LLC,Other specified injury of vertebral artery
91,"Sporer, Hintz and Stoltenberg","Unspecified sprain of left index finger, subs encntr"
92,Batz Inc,Other mechanical complication of other vascular grafts
93,Emard Group,"Toxic effect of venom of venomous lizard, accidental, subs"
94,Beatty LLC,"Idiopathic chronic gout, left wrist, with tophus (tophi)"
95,Crooks LLC,Superficial (capsular) laceration of spleen
96,Marvin Group,"Chronic angle-closure glaucoma, right eye, severe stage"
97,Nicolas-Bosco,"Unspecified physeal fracture of lower end of ulna, left arm"
98,Hickle Group,"Nondisp seg fx shaft of unsp femur, init for opn fx type I/2"
99,Morissette-Langworth,Fail of steril precaut dur kidney dialysis and oth perfusion
100,Wilkinson Inc,Umbilical hernia without obstruction or gangrene
101,"Doyle, Kemmer and Howe","Inj extn musc/fasc/tend r little finger at forarm lv, subs"
102,"Howe, Feest and Jerde","Maternal care for damage to fetus by radiation, oth"
103,"O'Kon, Kautzer and Lubowitz","Pressure ulcer of unspecified part of back, stage 3"
104,Roob-Marquardt,Fx femur following insrt ortho implnt/prosth/bone plt
105,Durgan-Hammes,"Partial traumatic amputation of r low leg, level unsp, subs"
106,"Okuneva, Hauck and Schroeder","Congenital malformation of larynx, unspecified"
107,Cormier-Nikolaus,Athscl bypass of cor art of txplt heart w unsp ang pctrs
108,Jast-Wiza,"Displacement of artificial heart, sequela"
109,Batz Inc,"Terrorism involving unspecified means, sequela"
110,"Russel, Fahey and Nikolaus","Verteb art compression syndromes, occipt-atlan-ax region"
111,Parisian LLC,Vitamin A deficiency with keratomalacia
112,"Rohan, McKenzie and Dare",Postprocedural hypotension
113,"Volkman, Gutkowski and Kozey","Unsp fx shaft of left fibula, subs for clos fx w malunion"
114,Fisher Inc,Other accident with babystroller
115,"Schimmel, Quitzon and Medhurst",Passenger in 3-whl mv injured in collision w unsp mv nontraf
116,Hodkiewicz Group,Unspecified disorders of lactation
117,Dooley-Klocko,"Displaced fracture of third metatarsal bone, right foot"
118,"Romaguera, Greenfelder and Okuneva",Other specified disorders of brain
119,Gaylord Group,"Adverse effect of coronary vasodilators, initial encounter"
120,Will LLC,Abnormal hematolog finding on antenatal screening of mother
121,Heaney Inc,"Corrosion of first degree of unspecified upper arm, sequela"
122,"Stokes, Lockman and Lehner","Nondisp fx of cuboid bone of unsp ft, subs for fx w nonunion"
123,Williamson-Bruen,"Unsp injury of musc/fasc/tend right hip, sequela"
124,Abshire-Shields,"Oth fx l low leg, subs for opn fx type I/2 w routn heal"
125,McClure Group,Underdosing of analeptics and opioid receptor antagonists
126,Stiedemann-Shields,"Unstable burst fracture of fourth thoracic vertebra, sequela"
127,"O'Kon, Daniel and Kutch",Exposure to controlled fire in building or structure
128,Bergstrom-Rosenbaum,Finding of other psychotropic drug in blood
129,Beier-Schowalter,"Fibrous dysplasia (monostotic), left shoulder"
130,Purdy-Schulist,"Oth acc to oth private fix-wing arcrft inj occupant, init"
131,Lind-Bradtke,"Other specified disorders of tendon, left hip"
132,Monahan-Ebert,"Nondisp transverse fx shaft of r fibula, 7thQ"
133,"Heidenreich, Reilly and Ebert","Algoneurodystrophy, hand"
134,"Murray, Beer and Kilback",Burn of third degree of forehead and cheek
135,Kozey-Wisozk,Person on outside of sp off-rd mv injured nontraf
136,"Spencer, Langosh and Lesch","Inj oth blood vessels at shldr/up arm, left arm, init"
137,Macejkovic-Christiansen,"Laceration without foreign body of trachea, subs encntr"
138,"Pouros, Hettinger and Koss","Path fx in neopltc dis, unsp foot, subs for fx w routn heal"
139,Kerluke Group,"Displ trimalleol fx unsp low leg, 7thN"
140,Mayert Group,"Nondisp commnt fx shaft of r femr, 7thK"
141,"Jacobson, Fahey and Champlin",Other intestinal obstruction of newborn
142,"Hilll, Murazik and Frami","Unsp fracture of left forearm, init for opn fx type I/2"
143,Nikolaus-Cremin,"Disp fx of greater trochanter of r femr, 7thK"
144,Morar-Cummerata,"Central perforation of tympanic membrane, unspecified ear"
145,"Heaney, Bogan and Grady","Unspecified disorder of synovium and tendon, right shoulder"
146,Green-Walter,"Displaced comminuted fx shaft of right tibia, sequela"
147,Stracke Inc,"Poisoning by beta-adrenocpt antagonists, self-harm, sequela"
148,Jast and Sons,"Animl-ridr injured by fall fr horse in nonclsn acc, init"
149,Hammes-Vandervort,"Preterm newborn, gestational age 31 completed weeks"
150,Luettgen-Block,"Oth fx r low leg, subs for opn fx type 3A/B/C w malunion"
151,Hirthe Inc,"Other specified hearing loss, right ear"
152,"Swaniawski, Greenfelder and Raynor","Pedl cyc driver inj in clsn w nonmtr vehicle in traf, init"
153,"Mills, McKenzie and Crooks","Toxic effect of unspecified pesticide, assault, sequela"
154,"Cole, Ruecker and O'Keefe",Sprain of metatarsophalangeal joint of unspecified toe(s)
155,Daniel Inc,"Nondisp spiral fx shaft of rad, unsp arm, 7thB"
156,"Paucek, Kessler and Jacobson","War operations involving incendiary bullet, milt, subs"
157,Schinner Group,"Osteochondropathy, unspecified lower leg"
158,Heaney-Beer,"Poisoning by aspirin, accidental (unintentional), subs"
159,Zulauf-West,"Oth injury of unsp tibial artery, right leg, subs encntr"
160,Hoppe-Halvorson,"Toxic eff of unsp noxious sub eaten as food, slf-hrm, subs"
161,Fadel Group,"Other specified injuries of lower back, initial encounter"
162,"Carter, Ferry and Becker","External constriction of right forearm, sequela"
163,Mann LLC,Traum rupture of palmar ligament of l rng fngr at MCP/IP jt
164,Hayes-Feest,"Bent bone of unsp rad, 7thR"
165,Wisoky-Kunde,"Diaphragmatic hernia with obstruction, without gangrene"
166,"Kuvalis, Cummings and Hermann","Malignant neoplasm of lower lip, inner aspect"
167,Jacobi-Hoppe,"Laceration w fb of l idx fngr w/o damage to nail, sequela"
168,Adams LLC,"Abrasion of unspecified hand, subsequent encounter"
169,Rosenbaum LLC,"Nondisp fx of medial phalanx of oth finger, init for opn fx"
170,Marvin-Kerluke,Cloudy (hemodialysis) (peritoneal) dialysis effluent
171,Pfeffer-Graham,"Poisoning by therapeutic gases, undetermined, subs encntr"
172,"Bartoletti, Gerhold and Prohaska","Oth fracture of lower end of left tibia, init for clos fx"
173,"Upton, Mueller and Carroll","Cyst of oral region, unspecified"
174,Dicki-Marvin,"Unsp opn wnd left lesser toe(s) w/o damage to nail, subs"
175,"Bauch, Connelly and Hickle","Toxic effect of paints and dyes, NEC, undetermined"
176,Haag-Schinner,"Adverse effect of cannabis (derivatives), initial encounter"
177,"Lang, Greenholt and White","Contact with mining and earth-drilling machinery, sequela"
178,Rippin LLC,"War op involving dest arcrft due to enmy fire/expls, milt"
179,Leffler Group,"Adverse effect of prim systemic and hematolog agents, subs"
180,Cole-King,"Burn of third degree of unspecified forearm, sequela"
181,Reilly LLC,"Oth specific joint derangements left foot, NEC"
182,Tillman Group,Matern care for disproprtn of mixed matern and fetal origin
183,Champlin-McDermott,Unilateral post-traumatic osteoarthritis of knee
184,"Sporer, Reynolds and Nolan",Abrasion of right shoulder
185,"Kirlin, Koch and Berge","Nondisp unsp condyle fx lower end of unsp femur, sequela"
186,Kassulke-Connelly,"Adverse effect of unsp nonopi analgs/antipyr/antirheu, subs"
187,"Waters, Lemke and Labadie","Iliotibial band syndrome, unspecified leg"
188,"Greenholt, Veum and Wiza","Nondisp fx of trapezium, unsp wrist, init for clos fx"
189,Altenwerth and Sons,"Displ pilon fx unsp tibia, 7thM"
190,"Lubowitz, Homenick and Dickens","Oclr lac w/o prolaps/loss of intraoc tissue, unsp eye, subs"
191,"Runolfsson, Ryan and Hyatt",Displaced fracture of proximal phalanx of left ring finger
192,Legros LLC,"Displacement of insulin pump, sequela"
193,Fritsch Group,"Corros unsp deg of unsp site unsp low limb, ex ank/ft, subs"
194,Romaguera-Yost,"Anatomical narrow angle, bilateral"
195,Prohaska-Aufderhar,"Flexion deformity, right knee"
196,McDermott LLC,"Unsp physl fx upr end rad, l arm, subs for fx w delay heal"
197,Schoen Group,Problems related to other legal circumstances
198,"Romaguera, Emmerich and Harris","Maternal care for known or susp placntl insuff, third tri"
199,"King, Jaskolski and Mante",Corrosions involving 50-59% of body surface
200,"Wolf, Hammes and Moen","Sltr-haris Type I physl fx upr end l tibia, 7thG"
201,"Gerlach, Mosciski and Gibson","Asphyx d/t being trap in a (discarded) refrig, slf-hrm, sqla"
202,Rolfson Group,Underdosing of anticoagulants
203,Dickens Group,"Bitten by mouse, initial encounter"
204,Thompson-Tremblay,"Caught, crush, jammed, or pinched betw moving objects, subs"
205,"Flatley, Goldner and Gibson","Sltr-haris Type IV physeal fx unspecified calcaneus, 7thD"
206,"Gleichner, Parker and McGlynn",Injury of unsp musc/fasc/tend at wrist and hand level
207,Fritsch-Ledner,Non-prs chronic ulcer of right ankle w necrosis of muscle
208,Kuhlman-Mills,"Poisoning by enzymes, intentional self-harm, sequela"
209,Adams Inc,"Fracture of alveolus of left mandible, 7thK"
210,Dach LLC,Bent bone of left ulna
211,Howell-Romaguera,"Poisoning by hemostatic drug, undetermined, init encntr"
212,Haag and Sons,"Path fracture, right finger(s), subs for fx w nonunion"
213,"Champlin, Schoen and Ullrich",Pnctr w/o foreign body of l little finger w/o damage to nail
214,"VonRueden, Brakus and Stiedemann","Nondisp fx of unspecified tibial tuberosity, sequela"
215,"Cole, Deckow and Zieme","Sltr-haris Type III physeal fx phalanx of unsp toe, 7thD"
216,Hickle-Daniel,Occupant (driver) of pk-up/van injured in unsp nontraf
217,"Crist, Altenwerth and Durgan",Meconium plug syndrome
218,"Murphy, Fay and Conn","Nondisp suprcndl fx w intrcndl extn lower end r femur, sqla"
219,Gaylord LLC,"Displ oblique fx shaft of unsp femr, 7thJ"
220,"Schiller, Jones and Daugherty",Encounter for preprocedural cardiovascular examination
221,Quigley-Haley,"Disp fx of prox phalanx of l little finger, init for opn fx"
222,O'Kon-Botsford,"Complete transverse atyp femoral fracture, left leg, 7thG"
223,Schowalter-Gusikowski,"Burn of second degree of trunk, unsp site, subs encntr"
224,Deckow-Bode,Oth and unsp symptoms and signs involving the GU sys
225,"Turcotte, Conroy and Beahan",Intraventricular hemorrhage due to birth injury
226,"Durgan, Kiehn and White",Athscl autologous artery CABG w ang pctrs w documented spasm
227,Waters and Sons,"Milt op involving unsp weapon of mass destruction, sequela"
228,Berge Inc,"Burn of third degree of unspecified palm, subs encntr"
229,Fisher Inc,"Contusion of right ankle, sequela"
230,Emard LLC,"Unsp injury of shoulder and upper arm, unsp arm, subs encntr"
231,Haag LLC,"Driver of bus injured in collision w hv veh in traf, sequela"
232,Hirthe-Rippin,"Inj lesser saphenous vein at lower leg level, right leg"
233,"Medhurst, Wyman and Feeney","Corros 2nd deg of unsp site left lower limb, ex ank/ft, subs"
234,Conn-Bogisich,"Unsp fx low end r ulna, 7thF"
235,"Koch, Kunde and Roberts","Other intervertebral disc degeneration, lumbar region"
236,Kessler LLC,Cervical disc disorder at C5-C6 level with myelopathy
237,Moore Group,"Injury of other nerves at ankle and foot level, right leg"
238,Boyle Group,Cyst of prostate
239,"Ullrich, Klein and Lynch","Inj l int carotid, intcr w LOC >24 hr w ret consc lev, init"
240,"Kuhn, Hahn and Hartmann","Posterior dislocation of unspecified hip, initial encounter"
241,Green-Yost,"Adverse effect of calcium-channel blockers, subs encntr"
242,"Pfannerstill, Aufderhar and Dietrich","Otosclerosis w oval window, nonobliterative, unsp ear"
243,"Feil, Becker and Moore",Encounter for palliative care
244,Halvorson and Sons,"Disp fx of shaft of metacarpal bone, subs for fx w malunion"
245,Reilly-Jakubowski,Lyme disease
246,"Ritchie, Gerlach and O'Reilly",Heart-lung transplant rejection
247,"Fadel, Trantow and Gulgowski","Unsp opn wnd abd wall, right lower q w/o penet perit cav"
248,"Kunze, Keeling and Bruen","External constriction of left front wall of thorax, sequela"
249,Jacobs-Harvey,Other disorders of unsp eye following cataract surgery
250,Boehm Inc,"Nondisp fx of acromial pro, r shldr, 7thG"
251,Hahn-Quitzon,"Lacerat musc/fasc/tend long hd bicep, unsp arm, sequela"
252,Fritsch and Sons,"Underdosing of antivaric drugs, including sclerosing agents"
253,"Pfannerstill, Bruen and Spencer","Diffuse large B-cell lymph, nodes of axilla and upper limb"
254,"Brown, Friesen and Wisozk","Nondisp fx of ant pro of l calcaneus, subs for fx w malunion"
255,Boyle LLC,"Displ seg fx shaft of r tibia, 7thM"
256,Boyle Group,"Nondisp fx of less tuberosity of r humer, 7thK"
257,"Smith, Boehm and MacGyver",Chronic pulmonary embolism
258,"Rutherford, Monahan and Quigley","Occup of pk-up/van inj in clsn w rail trn/veh in traf, subs"
259,Bode-Kunze,"Dislocation of unsp interphalangeal joint of finger, subs"
260,Schimmel LLC,"Oth incomplete lesion at T1, init"
261,"McClure, Emmerich and Pacocha","Inj oth blood vessels at shldr/up arm, right arm, sequela"
262,Kiehn Inc,Other specified complications of labor and delivery
263,Prohaska Group,Deprivation of water
264,Crooks-Romaguera,Drown due to oth accident to unsp watercraft
265,Purdy-Fadel,"Other specified injury of left carotid artery, sequela"
266,"Feeney, Collins and Hane","Unsp mtrcy rider injured in clsn w pedl cyc nontraf, subs"
267,White-King,"Contact with sword or dagger, sequela"
268,Miller-Dach,"Adverse effect of unsp systemic antibiotic, subs encntr"
269,"Jerde, Ritchie and Armstrong",Other injury of colon
270,"Runolfsson, Wilderman and Zboncak",Oth stimulant abuse w intoxication w perceptual disturbance
271,Beier-Olson,"Retinopathy of prematurity, stage 0, right eye"
272,Reinger-Kshlerin,"Laceration without foreign body, right thigh, init encntr"
273,Heller Inc,"Fx unsp phalanx of r mid finger, subs for fx w routn heal"
274,Sipes and Sons,"Disp fx of lateral condyle of r tibia, 7thG"
275,"Johnston, Borer and Bradtke","Oth fx upr and low end l fibula, subs for clos fx w malunion"
276,Feest-Botsford,Radicular cyst
277,Kunde-Ledner,"Contusion of descending [left] colon, initial encounter"
278,"Boyle, Frami and Dickens","Central subluxation of unspecified hip, subsequent encounter"
279,"Boehm, Bins and Hoeger","Crushing injury of unspecified finger(s), sequela"
280,"Hayes, Krajcik and Beer","Driver of pk-up/van injured in clsn w oth mv in traf, init"
281,"Schowalter, Spencer and Wilkinson","Displ commnt fx r patella, 7thN"
282,Sawayn-Bergstrom,"Serous retinal detachment, unspecified eye"
283,"Klein, Schiller and Rosenbaum","Disord of muscle in diseases classd elswhr, unsp lower leg"
284,"Hagenes, Gulgowski and Padberg","Severely displaced Zone II fx sacrum, subs for fx w nonunion"
285,"Champlin, Howell and Heller","Unsp fracture of lower end of unspecified tibia, sequela"
286,Renner Inc,Other sprain of elbow
287,"Marquardt, Keebler and Sanford","Nondisp unsp condyle fx low end r femr, 7thF"
288,Bernier Group,"Poisoning by propionic acid derivatives, self-harm"
289,Wintheiser-Leannon,"Maternal care for damage to fetus from alcohol, fetus 2"
290,"Pollich, Keeling and Jakubowski",Salmonella osteomyelitis
291,"Hoeger, Reynolds and Marks","Nondisp oblique fx shaft of r tibia, 7thQ"
292,Conroy Inc,Isolated proteinuria with minor glomerular abnormality
293,Vandervort Inc,"Nondisp fx of olecran pro w/o intartic extn l ulna, 7thR"
294,Wiza LLC,Subluxation of unsp interphalangeal joint of left thumb
295,Reinger Inc,"Third [oculomotor] nerve palsy, right eye"
296,Gulgowski-Heidenreich,Unspecified injury of right carotid artery
297,Ankunding Group,"Infections of cervix in pregnancy, third trimester"
298,Witting LLC,Memory deficit following cerebral infarction
299,Okuneva-Boehm,"Insect bite (nonvenomous) of left shoulder, init encntr"
300,"Osinski, Crooks and Reichert","Pnctr w/o fb of r bk wl of thorax w penet thor cavity, init"
301,Ledner-Windler,Corrosion of first degree of forearm
302,"Abshire, Koelpin and Mills","Poisoning by oth anti-cmn-cold drugs, accidental, sequela"
303,Kuvalis LLC,"Intentional self-harm by electrocution, subsequent encounter"
304,Prosacco LLC,"Other secondary chronic gout, unsp hip, without tophus"
305,"O'Keefe, Cormier and Dicki",Dehydration
306,Shields and Sons,"Nondisp fx of 2nd metatarsal bone, unsp ft, 7thG"
307,"Stark, Mertz and Grimes","Pathological fracture, right ulna, subs for fx w nonunion"
308,Kris and Sons,"Nondisp apophyseal fx l femr, 7thR"
309,Strosin LLC,Unspecified dislocation of left wrist and hand
310,"Hauck, Hilpert and Brekke",Military operations involving other explosions and fragments
311,"Schiller, Satterfield and Prohaska","Asphyxiation due to hanging, undetermined, initial encounter"
312,Schulist Inc,"Smith's fx unsp rad, subs for opn fx type 3A/B/C w malunion"
313,Waters-Torp,"Encounter for suprvsn of normal pregnancy, second trimester"
314,"Monahan, Bechtelar and Little","Contusion of vagina and vulva, sequela"
315,"Kuphal, Turcotte and Feeney","Congenital absence, atresia and stenosis of rectum w fistula"
316,"Kilback, Mayert and Legros",Person outside hv veh injured in clsn w 2/3-whl mv in traf
317,Mueller Group,"Oth pre-exist diabetes in pregnancy, chldbrth, and the puerp"
318,Schaden Group,"Laceration with foreign body, right knee, initial encounter"
319,Prosacco-Jerde,"Displ transverse fx shaft of unsp rad, 7thG"
320,"Bradtke, Crona and Christiansen","Anterior cord syndrome at C2, sequela"
321,Kling-Koelpin,Cellulitis of groin
322,Leffler LLC,"Zygomatic fracture, right side, sequela"
323,"Jenkins, Williamson and Kihn","Oth traum displ spondylolysis of fifth cervcal vert, sequela"
324,"Schimmel, Cruickshank and Ortiz","Poisn by cephalospor/oth beta-lactm antibiot, slf-hrm, init"
325,Steuber Inc,"Nondisp transverse fx shaft of unsp femr, 7thB"
326,Hickle-Volkman,Subac comb degeneration of spinal cord in dis classd elswhr
327,King-Stanton,Oligospermia
328,"White, Upton and Durgan","Unspecified injury of left renal vein, sequela"
329,"Bailey, Lehner and Conroy","Nondisp suprcndl fx w/o intrcndl extn low end r femr, 7thR"
330,Wiza Group,"Disp fx of unsp ulna styloid pro, 7thH"
331,"Purdy, Prohaska and Cremin",Asphyxia and hypoxemia
332,Jones-Lind,Nail disorders
333,"Cummings, Baumbach and Marks","Mild to moderate pre-eclampsia, second trimester"
334,"Bartell, Dibbert and Baumbach","Oth incomplete lesion at T11-T12, subs"
335,"Reynolds, Kovacek and Strosin","Poisoning by opth drugs and preparations, assault, init"
336,Kreiger-Crona,"Labor and del comp by cord around neck, w/o comprsn, oth"
337,Paucek-Bernier,Other disorders of iris and ciliary body
338,Nicolas-Will,"Sltr-haris Type IV physeal fx phalanx of right toe, 7thK"
339,Wisozk Group,"Crushing inj unsp part(s) of r wrist, hand and fingers, init"
340,"Brown, O'Reilly and Medhurst","Nondisp spiral fx shaft of humer, r arm, 7thK"
341,Beier-Volkman,"Crushing injury of neck, part unspecified"
342,"Rempel, Lockman and Abbott","Other bursitis of elbow, left elbow"
343,Gleason LLC,"Breakdown of balloon (counterpulsation) device, sequela"
344,"Purdy, Balistreri and Wyman",Hydrops fetalis due to unspecified hemolytic disease
345,Funk-Hand,"Oth osteopor w crnt path fx, unsp site, 7thK"
346,"Reilly, Jenkins and Satterfield",Meconium staining
347,"Hoeger, Hauck and Sanford",Major laceration of right kidney
348,Murazik and Sons,"Poisoning by lysergide [LSD], assault, initial encounter"
349,"Mann, Heaney and Braun",Oth place in children's home and orphanage as place
350,Swift LLC,"Adult osteochondrosis of spine, lumbosacral region"
351,Schroeder and Sons,Malignant neuroleptic syndrome
352,Parker and Sons,"Poisoning by oth parasympathomimetics, self-harm, init"
353,"Johns, Kuhlman and Batz",Omphalitis not of newborn
354,Veum-Rau,"Burn due to unspecified watercraft on fire, subs encntr"
355,"Crooks, Stracke and Thompson","Combined forms of infantile and juvenile cataract, right eye"
356,Leannon Inc,"Stress fracture, right ankle, subs for fx w delay heal"
357,Schowalter and Sons,Abnormal and inconclusive findings on dx imaging of breast
358,Hudson-Upton,"Poisoning by oth nonopio analges/antipyret, NEC, undet, init"
359,Lehner Inc,"Disp fx of base of nk of unsp femr, 7thM"
360,Jacobs-Thompson,"Pedl cyc driver inj in clsn w nonmtr vehicle nontraf, sqla"
361,Gutkowski and Sons,Congenital unstable hip
362,"Walsh, Collier and Jaskolski",Complete traumatic transmetacarpal amputation of unsp hand
363,Marks-Conroy,"Corrosion of third degree of right shoulder, subs encntr"
364,"Grady, Huels and Waters","Sltr-haris Type I physl fx upr end humer, l arm, 7thK"
365,Roob-Hudson,Malig neoplm of ovrlp sites of bone/artic cartl of left limb
366,Walsh Group,"Other specified injury of muscle, fascia and tendon of hip"
367,Block LLC,"Poisn by unsp drugs aff the autonm nrv sys, acc, sequela"
368,"Cruickshank, Boyle and Grimes",Unspecified sprain of left hip
369,Metz Inc,"2-part disp fx of surg nk of l humer, subs for fx w malunion"
370,"Keebler, Toy and Ortiz","Age-rel osteopor w crnt path fx, unsp site, 7thK"
371,"Bayer, Bechtelar and Reinger",Subluxation of distal interphalangeal joint of r mid finger
372,"O'Reilly, Kuhlman and Gutmann","Oth dis of bld/bld-form org/immun mechnsm comp preg, 2nd tri"
373,"Powlowski, Fritsch and Langworth","Injury of abducent nerve, left side, sequela"
374,"Friesen, Bernier and Barrows",Kaposi's sarcoma of lymph nodes
375,Emmerich-Braun,Oth place in hospital as place
376,Koepp Group,"Oth intraoperative complications of eye and adnexa, NEC"
377,"Grady, Denesik and O'Hara",Unspecified physeal fracture of lower end of tibia
378,Ruecker Inc,Chronic venous hypertension w inflammation of r low extrem
379,Kling-Gusikowski,Ischiocapsular ligament sprain of unspecified hip
380,Keebler-Emard,"Absence epileptic syndrome, not intractable"
381,Schmeler Group,"Bather struck by nonpowered watercraft, sequela"
382,"Zulauf, Gerlach and Grant",Personal history of pulmonary embolism
383,Sawayn LLC,"Other fracture of left foot, 7thD"
384,"Toy, Hintz and Kulas","Unsp inj unsp blood vess at hip and thi lev, left leg, sqla"
385,Rippin Inc,"Toxic effect of chlorine gas, intentional self-harm, subs"
386,"Hartmann, Sanford and Kassulke","Gastric contents in bronchus causing asphyxiation, init"
387,"Daugherty, Kuhn and Hermann","Unspecified disorder of synovium and tendon, multiple sites"
388,Rosenbaum Group,Malignant neoplasm of peripheral nerves of abdomen
389,Lemke-Heathcote,"Malignant neoplasm of floor of mouth, unspecified"
390,Carroll and Sons,"Unsp fracture of oth metacarpal bone, subs for fx w nonunion"
391,"Grady, Douglas and Johnston","Accidental handgun malfunction, subsequent encounter"
392,Grimes LLC,"Unspecified injury of anterior tibial artery, left leg"
393,Collier Group,"Post-traumatic osteoarthritis, wrist"
394,Bartoletti and Sons,"Transplanted organ and tissue status, unspecified"
395,Carter-Predovic,"Burn of unspecified degree of left elbow, subs encntr"
396,"Emmerich, Kautzer and Jaskolski","Infantile idiopathic scoliosis, cervicothoracic region"
397,"Dare, Champlin and Marks","Contusion of unsp thumb with damage to nail, subs encntr"
398,Davis-Walker,"Corros 3rd deg mu sites of r shldr/up lmb, ex wrs/hnd, subs"
399,Walker-Hodkiewicz,Other dysplasia of prostate
400,Runolfsson LLC,Cellulitis of finger
401,Rolfson Group,"Multiple defects of retina without detachment, bilateral"
402,"Hoppe, Trantow and Torphy","Blister (nonthermal), right foot"
403,Kutch-Schmidt,"Frostbite with tissue necrosis of left foot, init encntr"
404,Veum-Rosenbaum,"Other cyst of bone, right forearm"
405,"Bailey, Beatty and Borer","Compartment syndrome, unspecified, sequela"
406,Lynch-Hansen,Abscess of Bartholin's gland
407,Wolff Group,"Pigmentary glaucoma, right eye, severe stage"
408,"Ortiz, Hahn and Grant","Nondisp fx of dist phalanx of unsp fngr, 7thG"
409,Hackett-Shields,"Oth fx shaft of l fibula, 7thJ"
410,Morar-Schmidt,"Unspecified sprain of unspecified hip, subsequent encounter"
411,"Howell, O'Kon and Larson","Toxic effect of nitrogen oxides, accidental, sequela"
412,Cartwright-Lowe,Changes in skin texture
413,Windler LLC,Diseases of the digestive system complicating the puerperium
414,Paucek-Goodwin,Other ocular albinism
415,"Orn, Fay and Crona","Disloc of proximal interphaln joint of l mid finger, sequela"
416,Ortiz Group,Rheumatoid arthritis with rheumatoid factor
417,Moore Group,"Inj intercostal blood vessels, right side, init encntr"
418,"Goldner, Olson and VonRueden","Corros first deg mult sites of shldr/up lmb, except wrs/hnd"
419,Balistreri-Gibson,"Burn of first degree of left thumb (nail), initial encounter"
420,Breitenberg-Renner,"Displ oblique fx shaft of l ulna, 7thP"
421,Kihn-Borer,"Frostbite with tissue necrosis of left wrist, sequela"
422,"Glover, Hackett and Mitchell","Disp fx of med condyle of unsp femr, 7thD"
423,Jaskolski-Douglas,Underdosing of thrombolytic drugs
424,Fadel Inc,"Mult fx of pelv w stable disrupt of pelv ring, 7thK"
425,"Fritsch, Lindgren and Rogahn",War operations involving unspecified destruction of aircraft
426,Wyman-Hauck,"Pigmentary glaucoma, left eye, severe stage"
427,"Prosacco, Carter and Morissette","Occup of hv veh injured in collision w oth mv in traf, subs"
428,Leannon-Haley,"Oth chronic hematogenous osteomyelit, right radius and ulna"
429,Collins-Considine,"Frostbite with tissue necrosis of right ankle, subs encntr"
430,Koss-Kozey,Sleep disorders
431,Ward-Hammes,"Bitten by goose, initial encounter"
432,Ledner-Hyatt,"Mech compl of aortic (bifurcation) graft (replacement), subs"
433,"Witting, Hintz and Klocko","Partial physeal arrest, right proximal humerus"
434,Lakin-Jacobi,"War operations, unspecified"
435,"Bergstrom, O'Kon and Willms",Segmental and somatic dysfunction of thoracic region
436,Jaskolski-Gleichner,"Crushing injury of left wrist and hand, sequela"
437,MacGyver Group,Other contact with turtle
438,Kiehn-Bradtke,Acquired absence of unspecified wrist
439,Donnelly Group,"Oth displaced dens fracture, subs for fx w nonunion"
440,Robel-Mills,Opioid abuse with unspecified opioid-induced disorder
441,Altenwerth-Cassin,"Nodular sclerosis Hodgkin lymphoma, intra-abd lymph nodes"
442,Considine-Goldner,"Postimmunization arthropathy, unspecified shoulder"
443,Weissnat LLC,"Corrosion of second degree of unsp scapular region, init"
444,Nitzsche-Tremblay,"Age-rel osteopor w current path fracture, l low leg, sequela"
445,Block Group,Gluteal tendinitis
446,Parker LLC,Displaced intraarticular fracture of left calcaneus
447,Barrows and Sons,"Nondisp avulsion fracture of left ischium, init for opn fx"
448,Cruickshank and Sons,Displaced spiral fracture of shaft of left tibia
449,Grimes-Jacobs,"Strain extn musc/fasc/tend r idx fngr at wrs/hnd lv, subs"
450,"Yost, Breitenberg and Fisher","Age-related reticular degeneration of retina, left eye"
451,Powlowski-Brekke,"Other sprain of unspecified shoulder joint, subs encntr"
452,Bailey and Sons,"Disp fx of neck of left radius, subs for clos fx w nonunion"
453,Hyatt-O'Kon,"Corrosion of third degree of left shoulder, init encntr"
454,"Hudson, Parisian and Torp","Unstable burst fracture of first lumbar vertebra, sequela"
455,"Brakus, Anderson and Daugherty",Contusion of right knee
456,Huel Group,Direct infct of unsp hip in infec/parastc dis classd elswhr
457,Waelchi and Sons,"Contracture, right shoulder"
458,"Bailey, Cormier and Bauch","Other effects of vibration, subsequent encounter"
459,Brekke-Tillman,Esophageal varices
460,Schoen LLC,Personal history of diseases of urinary system
461,"Harber, Little and Leuschke","Lacerat extn/abdr musc/fasc/tend of l thm at forarm lv, sqla"
462,"Jacobs, Kozey and Larson","Intentional self-harm by drown while in bathtub, init"
463,"Rau, Kautzer and Williamson",Superficial foreign body of left elbow
464,"Raynor, Skiles and Fahey",Fracture of unspecified phalanx of right middle finger
465,"Erdman, Heaney and Krajcik","Partial traumatic MCP amputation of r little finger, init"
466,Mueller Inc,"Collapsed vertebra, NEC, thoracic region, sqla"
467,Witting-Klocko,"Injury of tibial nerve at lower leg level, right leg"
468,Greenholt-Boyer,"Nondisp suprcndl fx w/o intrcndl extn low end r femr, 7thQ"
469,Streich-Friesen,Displaced fracture of medial phalanx of unspecified finger
470,O'Keefe-Koepp,"Sltr-haris Type III physl fx upr end r tibia, 7thK"
471,Batz-Howe,Weakness
472,"Hartmann, Stamm and Gleason","Lacerat great saphenous at lower leg level, right leg, subs"
473,Schmitt and Sons,"Plica syndrome, right knee"
474,"Doyle, Schoen and Bins","Round hole, right eye"
475,Bradtke-O'Connell,"Superficial foreign body, left lesser toe(s), init encntr"
476,Rowe LLC,Ped on rolr-skt injured in clsn w nonmtr vehicle nontraf
477,"Batz, Trantow and Botsford","Other fish poisoning, undetermined, initial encounter"
478,Marks and Sons,"Poisoning by local anesthetics, intentional self-harm, init"
479,Lueilwitz-Gutmann,"Unsp fx lower end of r humerus, subs for fx w malunion"
480,Ward LLC,"Nondisp intertroch fx l femr, 7thR"
481,O'Kon-Kertzmann,"Lateral dislocation of right patella, subsequent encounter"
482,Torp Group,"Anemia due to enzyme disorder, unspecified"
483,"Auer, Block and Morissette","Unsp pedl cyclst inj in clsn w rail trn/veh in traf, sequela"
484,Fisher-Luettgen,"Oth osteopor w current path fracture, unsp humerus, sequela"
485,Tremblay-Muller,Displaced segmental fracture of shaft of right fibula
486,Robel-Kohler,"Penetrating wound w foreign body of right eyeball, sequela"
487,Dickens Group,Striking against wall of swimming pool causing other injury
488,Prohaska Group,"Acute slipped upper femoral epiphysis, left hip"
489,"Bartoletti, Breitenberg and Lockman","Oth complications following immunization, NEC, sequela"
490,"Cremin, Nikolaus and Champlin",Embolism and thrombosis of other specified veins
491,Fahey LLC,"Prsn outsd pk-up/van inj in clsn w nonmtr veh in traf, init"
492,McKenzie-O'Keefe,"Unsp fracture of shaft of r radius, init for opn fx type I/2"
493,Lang and Sons,"Disp fx of prox phalanx of r lit fngr, 7thD"
494,D'Amore-Satterfield,"Age-rel osteopor w crnt path fx, l femr, 7thG"
495,Ullrich and Sons,"Complete traumatic MCP amputation of right thumb, init"
496,"Kohler, Harris and Trantow","Displ commnt fx shaft of humer, r arm, 7thK"
497,Rogahn-Botsford,Other contact with other marine mammals
498,"Russel, Crist and Parisian","Lead-induced gout, left wrist"
499,"Dach, Waters and Schumm","Activity, aerobic and step exercise"
500,"Corkery, Weber and Donnelly","Fall from in-line roller-skates, sequela"
501,Rice-Reilly,"Other physeal fracture of lower end of ulna, unspecified arm"
502,Rolfson LLC,"Laceration w fb of r idx fngr w damage to nail, init"
503,"Corwin, Carroll and Herman","Toxic effect of gases, fumes and vapors, assault, sequela"
504,Rohan-Hills,Congenital absence and malformations of spleen
505,Hahn-Barton,"Complete traumatic amp of unsp hip and thigh, level unsp"
506,Leffler Group,Unspecified physeal fracture of upper end of right fibula
507,"Lesch, Price and Terry","Abrasion, unspecified knee, sequela"
508,"Schumm, Mann and Cartwright","Passenger in 3-whl mv injured in clsn w oth mv nontraf, subs"
509,Langosh-Veum,Other superficial bite of ankle
510,Ebert-Corwin,Sprain of unsp collateral ligament of unspecified knee
511,Witting-Bruen,"Other disorders of continuity of bone, unsp tibia and fibula"
512,Gulgowski and Sons,"Immersion foot, right foot, initial encounter"
513,Bergstrom-Dibbert,"Pathological fracture in neoplastic disease, right tibia"
514,Rau-Moore,"Toxic effect of venom of N & S American snake, acc, sequela"
515,Macejkovic-Hane,"Poisoning by anterior pituitary hormones, accidental"
516,"Parisian, Rippin and Schmidt","Other secondary chronic gout, right hip, with tophus (tophi)"
517,Cole-Hills,Disappearance and death of family member
518,Shanahan-Kub,"Nondisp fx of med wall of r acetab, subs for fx w nonunion"
519,"Anderson, Thiel and Shanahan","Mech loosening of internal left hip prosthetic joint, subs"
520,Cartwright-Halvorson,"Cerebral anoxia due to anesth during preg, third trimester"
521,Hoeger Group,"Corrosion of second degree of unsp hand, unsp site, subs"
522,Abbott Group,"Contusion of unspecified foot, initial encounter"
523,"Maggio, Nader and Casper","Unsp superficial injury of unspecified knee, init encntr"
524,"Kub, Reichert and Vandervort","External constriction of unsp external genital organs, male"
525,Berge and Sons,"Oth fx shaft of unsp humerus, subs for fx w malunion"
526,Farrell LLC,Postproc hemor of eye and adnexa following an opth procedure
527,"Koch, Heller and Ruecker","Posterior dislocation of unspecified humerus, subs encntr"
528,Swaniawski-Romaguera,"Inj r int crtd,intcr w LOC w dth d/t brain inj bf consc,sqla"
529,"Schowalter, Pagac and Keebler","Sltr-haris Type III physeal fx phalanx of left toe, init"
530,Leannon-Greenfelder,"Corrosion of 3rd deg mu sites of right ankle and foot, subs"
531,Blick Inc,Corneal scars and opacities
532,"Connelly, Purdy and Carter",Muscular disorders of urethra
533,"Greenholt, Kirlin and Mraz",Other tuberculosis of nervous system
534,Murazik Group,Myringotomy tube(s) status
535,Blanda LLC,"Occup of bus injured in collision w hv veh nontraf, subs"
536,"Rempel, Kemmer and Strosin",Unspecified injury of right thigh
537,Keeling LLC,"Unsp fx fourth thor vertebra, subs for fx w routn heal"
538,Murazik Group,"Traum rupt of volar plate of l lit fngr at MCP/IP jt, init"
539,Kemmer Group,Inhalation of dry ice
540,"Brown, Berge and Lind","Insect bite (nonvenomous) of vagina and vulva, subs encntr"
541,Reynolds LLC,"Unsp inj unsp blood vess at shldr/up arm, unsp arm, subs"
542,"Jenkins, Sporer and Johnson","Civilian aircraft in air trnsp acc w military aircraft, subs"
543,Breitenberg-Huel,"Unsp fx fourth thor vertebra, subs for fx w routn heal"
544,Kutch and Sons,"Unsp injury of oth blood vessels of thorax, left side, subs"
545,"Spinka, Schulist and McGlynn","Unsp inj intrinsic musc/fasc/tend l thm at wrs/hnd lv, subs"
546,Denesik-Russel,Cataract with neovascularization
547,"Berge, Gutkowski and Emard","Parasitic endophthalmitis, unspecified, left eye"
548,"Crooks, Jacobi and Bergstrom","Nondisp fx of med condyle of r femr, 7thE"
549,Herman Inc,Presence of orthopedic joint implants
550,Gaylord-Lockman,"Corrosion of first degree of male genital region, subs"
551,"Rath, Lind and Kling","Complete traumatic amp of one right lesser toe, sequela"
552,"Goyette, Reynolds and Kulas",Oth disrd of r mid ear and mastoid in diseases classd elswhr
553,"Ward, Jenkins and Reichert","Fracture of mandible of oth site, init for opn fx"
554,"Hane, Bosco and Oberbrunner",Renal failure following incomplete spontaneous abortion
555,Weber and Sons,Unspecified injury at T11-T12 level of thoracic spinal cord
556,Kilback LLC,Puncture wound with foreign body of vocal cord
557,"Waters, Koelpin and Gutkowski","Major depressv disord, single epsd, severe w psych features"
558,Lang-Sawayn,"Oth osteoporosis w current pathological fracture, lower leg"
559,Roberts-Sanford,"External constriction of lip, sequela"
560,Lubowitz Group,Chronic gastric ulcer without hemorrhage or perforation
561,"Frami, Hartmann and Kerluke","Nondisp suprcndl fx w intrcndl extn low end unsp femr, 7thR"
562,Koss LLC,Subluxation of T12/L1 thoracic vertebra
563,Hermiston Inc,"Glaucoma secondary to oth eye disord, left eye, mild stage"
564,Tromp-Lowe,"Unsp intracap fx unsp femur, subs for clos fx w routn heal"
565,Balistreri Inc,"Burn of second degree of left elbow, initial encounter"
566,Hoppe-Bergstrom,"Stress fracture, left finger(s)"
567,Toy LLC,Carcinoma in situ of other female genital organs
568,Armstrong and Sons,Dir infct of unsp joint in infec/parastc dis classd elswhr
569,Fadel-Moen,"Lesion of medial popliteal nerve, right lower limb"
570,Abbott-Skiles,Direct infct of hand in infec/parastc diseases classd elswhr
571,"Heller, Rodriguez and Welch","Stable burst fracture of third lumbar vertebra, init"
572,Emard Inc,"Other kyphosis, cervicothoracic region"
573,"Bauch, Lockman and Osinski","Nondisp oblique fx shaft of r rad, 7thG"
574,Dickinson and Sons,"Puncture wound w foreign body of unsp part of head, subs"
575,"Jast, Sawayn and Kiehn",Occup of bus injured in nonclsn transport accident in traf
576,"Cartwright, Beier and Hettinger","Partial traumatic amputation at elbow level, unspecified arm"
577,DuBuque-Bradtke,"Whooping cough, unspecified species with pneumonia"
578,Schiller-Keebler,"Other secondary chronic gout, right wrist, without tophus"
579,"Beier, Funk and Gottlieb","Poisoning by oth bacterial vaccines, self-harm, sequela"
580,Smitham-Turcotte,Wheelchair (powered) colliding with stationary object
581,Pfannerstill LLC,"Open bite of abd wall, right lower q w/o penet perit cav"
582,Schmidt LLC,"Laceration without foreign body, unspecified foot, sequela"
583,Metz and Sons,"Disp fx of neck of unsp MC bone, subs for fx w routn heal"
584,Kozey Inc,"Nondisp fx of prox 3rd of navic bone of l wrs, 7thD"
585,Miller and Sons,"Other hypertrophic osteoarthropathy, right hand"
586,Nolan Inc,"Disp fx of body of unsp talus, subs for fx w routn heal"
587,Bartoletti Group,"Unspecified disorder of middle ear and mastoid, bilateral"
588,Orn and Sons,Obesity complicating childbirth
589,Marks-Rempel,"Disp fx of med phalanx of r rng fngr, 7thD"
590,Stanton Group,Other foreign object in trachea
591,"Howell, Dickinson and Zemlak",Abn microbiolog find in specmn from female genital organs
592,"Walker, Nitzsche and Toy","Unsp opn wnd abd wall, right low q w/o penet perit cav, init"
593,"Mosciski, Wunsch and Balistreri","Nondisp fx of medial phalanx of right lesser toe(s), sequela"
594,McDermott LLC,Other foreign object in pharynx causing asphyxiation
595,McGlynn-Brown,"Poisoning by inhaled anesthetics, assault, initial encounter"
596,Parisian Inc,"Epiphora due to excess lacrimation, unsp lacrimal gland"
597,"Robel, Cormier and Jacobi","Disp fx of med condyle of unsp tibia, 7thM"
598,"Mante, Collier and O'Keefe",Subluxation and dislocation of hip
599,Johnston LLC,"Unspecified sprain of right wrist, subsequent encounter"
600,"Hoppe, Bayer and Ondricka",Other irregular eye movements
601,Ferry-Armstrong,"Traum rupture of palmar ligmt of finger at MCP/IP jt, subs"
602,Bruen and Sons,Renal failure following incomplete spontaneous abortion
603,Ziemann-Emmerich,"Retracted nipple associated with pregnancy, third trimester"
604,Anderson LLC,"Partial traumatic amputation at knee level, r low leg, subs"
605,Heller and Sons,"Food in larynx causing other injury, subsequent encounter"
606,Littel LLC,"Drown due to fall/jump fr crushed unsp watercraft, sequela"
607,Bernier-Funk,Problems related to multiparity
608,"Bode, Conroy and DuBuque","Strain muscles and tendons at ank/ft level, unsp foot, init"
609,"Simonis, Mayer and Johnson",Dislocation and sprain of joint and ligaments of hip
610,"Pagac, Stiedemann and Krajcik","Crushing injury of left forearm, subsequent encounter"
611,"Aufderhar, Kuhn and Huel","Complete transverse atypical femoral fracture, left leg"
612,Swift and Sons,"Subluxation of right ankle joint, initial encounter"
613,"Reynolds, Bartell and Mosciski","Pnctr of abd wall w fb, unsp q w/o penet perit cav, init"
614,Bergstrom-Ritchie,"Toxic effect of venom of N & S American snake, undet, init"
615,"O'Hara, Halvorson and Lesch","Burn of first degree of right thumb (nail), subs encntr"
616,"Prosacco, Jacobson and Hauck",Other congenital malformation of penis
617,"Purdy, Marquardt and MacGyver","Unsp injury at unsp level of cervical spinal cord, init"
618,Carroll and Sons,"Maternal care for oth rhesus isoimmun, second tri, fetus 3"
619,"King, Gulgowski and Blanda","Nondisp trimalleol fx l low leg, 7thE"
620,Weber Inc,"Laceration with foreign body of unsp buttock, init encntr"
621,Bayer Group,"Mech compl of internal right hip prosthesis, sequela"
622,Miller-Dickens,"Toxic effect of other seafood, undetermined, subs encntr"
623,Kunze-Fisher,Corrosion of first degree of left lower leg
624,"Morar, Schoen and Price",Maternal care for unstable lie
625,Hahn-Rohan,Unspecified injury of elbow and forearm
626,O'Connell and Sons,Contact with other specified agricultural machinery
627,Douglas-Hills,"Bent bone of unsp ulna, subs for clos fx w nonunion"
628,"Wintheiser, Keebler and Donnelly","Poisn by dental drugs, topically applied, assault, sequela"
629,Harvey and Sons,"Complete traumatic amputation of unsp ear, init encntr"
630,"Wiza, Abernathy and Toy","Labor and delivery complicated by short cord, fetus 2"
631,Feeney Group,Encounter for fitting and adjustment of insulin pump
632,"Stehr, Johns and Towne","Unsp inj intrinsic musc/fasc/tend thmb at wrs/hnd lv, subs"
633,"Luettgen, Pollich and Connelly",Other ulcerative colitis with rectal bleeding
634,"Denesik, Kulas and Konopelski","Acute mastoiditis without complications, right ear"
635,Koepp Group,"Other acute osteomyelitis, left shoulder"
636,"Bailey, Renner and Heaney","Burn of second degree of right thigh, sequela"
637,Berge-Kiehn,"Path fx in neopltc dis, unsp humer, subs for fx w delay heal"
638,"Hegmann, Kris and Sawayn",Other optic atrophy
639,Schmidt-Mills,"Drug-induced chronic gout, right hand"
640,Zulauf-Hickle,"Inj musc/tend the rotator cuff of left shoulder, sequela"
641,Strosin-Olson,"Dislocation of T4/T5 thoracic vertebra, sequela"
642,Koch LLC,"Unspecified nondisp fx of fourth cervical vertebra, sequela"
643,Collins-Turcotte,Allergic rhinitis due to animal (cat) (dog) hair and dander
644,Wintheiser Group,"Sltr-haris Type IV physeal fx upper end of humerus, unsp arm"
645,"Nicolas, Kiehn and Osinski","Placentitis, unspecified trimester, fetus 5"
646,"Watsica, McClure and Pollich","Poisoning by oth antidysrhythmic drugs, self-harm"
647,Zboncak-Senger,Other disorders of the left eye following cataract surgery
648,Feeney and Sons,Bauxite fibrosis (of lung)
649,Goyette Group,"Breakdown of aortic (bifurcation) graft, sequela"
650,Barrows Inc,"Oth disp fx of fifth cervcal vert, subs for fx w nonunion"
651,Ebert LLC,"Unspecified open wound of unspecified breast, sequela"
652,Erdman-O'Hara,"Displ oblique fx shaft of unsp rad, 7thH"
653,"Hammes, Gutmann and Balistreri",Drug-induced cataract
654,Bauch Inc,"Oth nondisp fx of upper end of unsp humerus, init for opn fx"
655,Kerluke-Schowalter,"Spontaneous rupture of other tendons, right lower leg"
656,Witting LLC,Chronic viral hepatitis C
657,Jast-Ward,"Nondisp transverse fx shaft of unsp rad, 7thE"
658,Altenwerth LLC,"Laceration of adductor musc/fasc/tend unsp thigh, init"
659,"Huels, Ledner and Miller","Disp fx of medial malleolus of unsp tibia, init for clos fx"
660,"Dicki, Bayer and Zemlak","Insect bite (nonvenomous) of unsp shoulder, subs encntr"
661,Harber-Tillman,"Idiopathic chronic gout, right hip"
662,"Bode, Sipes and Batz","War op w unsp effect of nuclear weapon, civilian, subs"
663,"Kozey, Langworth and Kessler",Fracture of lateral malleolus
664,Lakin Group,"Unspecified entropion of unspecified eye, unspecified eyelid"
665,Luettgen-Welch,"Pressure ulcer of unspecified hip, stage 1"
666,"Jenkins, Littel and Hilll",Mech compl of carotid arterial graft (bypass)
667,"Jenkins, Mante and O'Keefe","Inj flexor musc/fasc/tend r little fngr at wrs/hnd lv, subs"
668,Morar and Sons,"Unsp open wound of unsp finger w/o damage to nail, subs"
669,Braun-Grady,"Poisoning by thrombolytic drug, accidental, subs"
670,Prosacco-Osinski,"Other specified rheumatoid arthritis, left knee"
671,Weber LLC,"Ototoxic hearing loss, left ear"
672,"Conroy, Yundt and Bahringer","Lacerat abd wall w fb, epigst rgn w/o penet perit cav, subs"
673,"Glover, Goodwin and Padberg","Oth physeal fracture of upper end of radius, right arm, init"
674,Beier-Abbott,"Poisoning by aspirin, assault"
675,Nader-Hyatt,Burn of first deg mult sites of left wrist and hand
676,Lind LLC,Maternal care for disproportion due to hydrocephalic fetus
677,Botsford LLC,"Poisoning by therapeutic gases, assault, initial encounter"
678,Effertz Inc,"Disp fx of coronoid pro of l ulna, 7thN"
679,Dare and Sons,Obstructed labor due to locked twins
680,Considine and Sons,"Contus/lac/hem brainstem w LOC of 30 minutes or less, subs"
681,Wilkinson-Swaniawski,"Poisn by unsp agents primarily acting on the resp sys, undet"
682,McGlynn and Sons,Problems related to life management difficulty
683,Mills-Reichert,"Other specified injuries of left ankle, sequela"
684,"Wiegand, Hessel and Block","Subluxation of MCP joint of right index finger, subs"
685,"Gibson, Purdy and Ebert","Brawny scleritis, unspecified eye"
686,Stiedemann-Reilly,"Puncture wound with foreign body, left thigh, subs encntr"
687,Durgan-Stoltenberg,"Poisoning by mixed bact vaccines w/o a pertuss, acc, subs"
688,Rohan-Jacobs,Inhalant dependence with other inhalant-induced disorders
689,Bradtke-Heidenreich,Pneumococcal arthritis and polyarthritis
690,Bosco Group,"Fx unsp part of scapula, r shoulder, init for opn fx"
691,Ruecker LLC,"Oth fx of low end r rad, subs for opn fx type I/2 w nonunion"
692,"Kling, Harris and Bashirian","Oth fx shaft of rad, left arm, init for opn fx type 3A/B/C"
693,"Prohaska, Hansen and Schmitt",Malignant melanoma of right ear and external auricular canal
694,Sanford-Conn,"Sltr-haris Type II physl fx low end unsp tibia, 7thD"
695,"Dooley, Altenwerth and Littel",Malignant neoplasm of overlapping sites of larynx
696,Waters Group,"Pathological fracture in other disease, right radius"
697,Streich-Muller,Scar conditions and fibrosis of skin
698,Pfeffer-Wolf,"Charcot's joint, left knee"
699,Lubowitz-Abshire,"Poisoning by otorhino drugs and preparations, undetermined"
700,Rippin-Ruecker,"Unspecified dislocation of left middle finger, sequela"
701,Schuster and Sons,"Nondisplaced fracture of neck of left radius, sequela"
702,Aufderhar and Sons,"Stenosis of coronary artery stent, subsequent encounter"
703,Leffler and Sons,"Discontinuity and dislocation of ear ossicles, unsp ear"
704,Fisher and Sons,"Nondisp fx of med condyle of l femr, 7thB"
705,Kihn-Leannon,MERRF syndrome
706,"Dach, Kautzer and Tromp","Miltry op w nuclr radiation eff of nuclear weapon, civ, init"
707,"Thiel, Ruecker and Zieme","Contact with blunt object, undetermined intent, subs encntr"
708,Wilderman and Sons,"Other secondary chronic gout, right shoulder, without tophus"
709,Hegmann-McCullough,Unspecified injury of spleen
710,D'Amore Inc,"Strain extn musc/fasc/tend l rng fngr at forarm lv, sequela"
711,"Altenwerth, McGlynn and Kozey","Bucket-hndl tear of lat mensc, crnt injury, unsp knee, sqla"
712,O'Hara-Breitenberg,"Burn of first degree of unspecified forearm, subs encntr"
713,Brakus-Gerhold,Congenital aphakia
714,Daugherty Inc,"Nondisp fx of shaft of unsp clavicle, 7thG"
715,O'Hara-Hagenes,"Oth soft tissue disorders related to use/pressure, unsp hand"
716,Bernhard-Beahan,"Nondisp trimalleolar fracture of unsp lower leg, sequela"
717,Klocko-Walsh,"Poisoning by other anti-common-cold drugs, assault, sequela"
718,"Price, Kunze and Thiel",Facial weakness following nontraumatic intcrbl hemorrhage
719,Torp Inc,"Corrosion of unsp degree of right scapular region, sequela"
720,"Steuber, Schroeder and Schinner","Adverse effect of unsp agents aff the GI sys, init"
721,Schmidt LLC,Corrosion of first degree of ankle
722,Wisozk and Sons,Other congenital malformations of intestine
723,"Runolfsson, Connelly and Lockman","Oth accident on oth rolling-type pedestrian conveyance, subs"
724,Thompson Group,"Nondisp dome fx right acetabulum, subs for fx w nonunion"
725,"Daniel, Boehm and Corwin","Mix cndct/snrl hear loss,uni,r ear,w unrestr hear cntra side"
726,Gerlach-Walsh,"Poisoning by caffeine, undetermined, sequela"
727,Braun LLC,"Oth fx fifth metacarpal bone, left hand, init for opn fx"
728,Mraz and Sons,"Toxic effect of unsp alcohol, undetermined, subs encntr"
729,Metz-Towne,"Unsp complication of internal prosth dev/grft, sequela"
730,Anderson LLC,"Oth fx shaft of r tibia, 7thH"
731,"Friesen, Morissette and Ortiz","Athscl CABG, unsp, w angina pectoris w documented spasm"
732,"Emmerich, Koch and Goldner","Terrorism involving fires, conflagration and hot substances"
733,Wunsch Group,"Unspecified injury of left internal jugular vein, sequela"
734,Dibbert Group,Metabolic disorder following (induced) term of pregnancy
735,Krajcik-Mosciski,"Fracture of shoulder girdle, part unspecified"
736,Bins and Sons,Fetomaternal placental transfusion syndrome
737,Senger Inc,"Oth fracture of upper end of unsp radius, init for clos fx"
738,Kertzmann LLC,"Oth complications of the puerperium, NEC"
739,Stanton-Steuber,Bacterial infection of unspecified site
740,Rogahn-Wisoky,Insect bite (nonvenomous) of unspecified elbow
741,"Windler, Koelpin and Erdman","Oth benign neoplasm skin/ unsp lower limb, including hip"
742,Skiles-Stamm,"Sprain of lateral collateral ligament of left knee, init"
743,"Hickle, Barrows and Anderson",Benign neoplasm of lymph nodes
744,Leffler-O'Connell,Encounter for attention to unspecified artificial opening
745,Lindgren-Kunze,"Contusion of unspecified external genital organ, male"
746,Davis Group,Other corneal scars and opacities
747,Schoen Inc,Exposure to supersonic waves
748,Moen and Sons,"Pretrm prem ROM, onset labor w/n 24 hours of rupt, first tri"
749,"Schulist, Medhurst and Kohler",Displaced avulsion fracture of left ischium
750,Davis LLC,"Traum rupt of collat ligmt of unsp finger at MCP/IP jt, init"
751,D'Amore and Sons,"Poisoning by angiotens-convert-enzyme inhibtr, assault, subs"
752,"Russel, Jacobs and Mann","Disp fx of cuboid bone of right foot, subs for fx w malunion"
753,"McGlynn, King and Nicolas","Drug-induced chronic gout, left wrist, without tophus"
754,"Tillman, Homenick and Konopelski","Laceration w/o fb of pharynx and cervical esophagus, subs"
755,"Goodwin, Beier and Strosin","Post subcapsular polar infantile and juv cataract, unsp eye"
756,Bins-Mills,"External constriction, right foot, subsequent encounter"
757,Hodkiewicz-Armstrong,"Unspecified B-cell lymphoma, intrathoracic lymph nodes"
758,Kshlerin Inc,"Poisn by antigonadtr/antiestr/antiandrg, NEC, assault, init"
759,Mertz and Sons,"Nondisp suprcndl fx w intrcndl extn low end unsp femr, 7thC"
760,Cremin and Sons,"Nondisp oblique fx shaft of l femr, 7thC"
761,"Marquardt, Blanda and Altenwerth","Subluxation of T10/T11 thoracic vertebra, initial encounter"
762,Will-Hauck,"War op w chem weapons and oth unconvtl warfare, civ, init"
763,Marks and Sons,"Burn of first degree of left forearm, sequela"
764,"Stracke, MacGyver and Bashirian","Opioid abuse with intoxication, uncomplicated"
765,Fahey-Funk,"Exposure to oth excessive cold of man-made origin, subs"
766,"Kling, Wehner and Nicolas","External constriction, unspecified ankle, subs encntr"
767,Ziemann-Collins,"Unsp occipital condyle fracture, init for opn fx"
768,Sawayn and Sons,Colic
769,"Harber, Carroll and Hoppe","Corrosion of second degree of unspecified elbow, subs encntr"
770,"Rosenbaum, Hettinger and Schamberger","Contusion of right thumb with damage to nail, init encntr"
771,McCullough Group,Unspecified abdominal hernia
772,Powlowski Group,Prsnl history of malig neoplm of resp and intrathorac organs
773,MacGyver-Keebler,"Burn of third degree of unspecified thumb (nail), sequela"
774,"Jakubowski, Roob and Larson","Focal chorioretinal inflammation, juxtapapillary, left eye"
775,Goyette Inc,Diabetes due to undrl condition w diabetic mononeuropathy
776,Emmerich-Bernier,Dermatitis herpetiformis
777,Langworth Inc,12 weeks gestation of pregnancy
778,Crooks and Sons,Other rheumatoid arthritis with rheumatoid factor of wrist
779,O'Connell Group,Other fracture of lower end of humerus
780,"White, Streich and Zemlak","Contus/lac/hem brainstem w/o loss of consciousness, subs"
781,"Koelpin, Kozey and Larkin",Opioid abuse with opioid-induced psychotic disorder
782,"Wyman, Jerde and Toy","Toxic effect of chromium and its compounds, self-harm"
783,"Rau, Douglas and Welch",Hyperplastic and giant kidney
784,Walker LLC,Unspecified sprain of toe
785,Gleason and Sons,"Traum hemor cereb, w LOC w death due to oth cause bf consc"
786,Crist-Gerhold,Intraoperative complications of endocrine system
787,Ratke Inc,Other abnormal findings in urine
788,Lang Inc,Hemorrhage of left orbit
789,"Stark, Williamson and Brakus",Other reduction defects of upper limb
790,"Beatty, Okuneva and Maggio","Subluxation of C2/C3 cervical vertebrae, sequela"
791,Will-Lockman,"Open bite of larynx, sequela"
792,Kling LLC,Gastrostomy status
793,Hauck-Rogahn,"Stable burst fracture of second thoracic vertebra, init"
794,"McLaughlin, Prohaska and Ortiz","Burn of second degree of left thumb (nail), sequela"
795,Osinski-Spinka,Other specified fracture of unspecified pubis
796,Krajcik LLC,"Corrosion of second degree of right ankle and foot, subs"
797,Balistreri-Rath,Rheu heart disease w rheumatoid arthritis of unsp ank/ft
798,Bruen Group,"Fistula, left shoulder"
799,Jones Inc,"Displacement of implnt elec nstim of brain lead, sequela"
800,McCullough-Beier,"Ischiocapsular ligament sprain of left hip, subs encntr"
801,"Tremblay, Bradtke and Quigley",Monoplegia of lower limb affecting left nondominant side
802,VonRueden and Sons,"Unsp fx upr end unsp tibia, 7thM"
803,Kulas Inc,"Subluxation of tarsometatarsal joint of right foot, sequela"
804,Parker and Sons,"Brown-Sequard synd at unsp level of cerv spinal cord, sqla"
805,Runte LLC,Chronic nasopharyngitis
806,Hauck-Langworth,Open bite of r frnt wl of thorax w/o penet thoracic cavity
807,Schulist-Bartoletti,"Pressure ulcer of unspecified site, stage 1"
808,Hyatt Inc,Cystic disease of liver
809,Boehm-Christiansen,"Unspecified sprain of sternum, sequela"
810,Schuppe Group,Other gonococcal infections
811,Satterfield-Feest,"Path fx in oth disease, r humerus, subs for fx w delay heal"
812,Schultz Inc,"Other superficial bite of unspecified wrist, sequela"
813,"Heathcote, Mitchell and Miller",Oth symp and signs w cogn fnctns fol other ntrm intcrn hemor
814,"Mosciski, Kshlerin and Weimann",Other complications associated with artificial fertilization
815,"Schiller, Trantow and Osinski","Unsp inj musc/tend at lower leg level, right leg, sequela"
816,"Wilkinson, Dietrich and Schaefer","Displaced unsp fx right great toe, subs for fx w malunion"
817,Baumbach and Sons,"Other injury of ovary, unilateral, subsequent encounter"
818,Hand Group,"Ped w convey injured in collision w pedl cyc in traf, init"
819,"Terry, Reichel and Murphy","Strain msl/tnd lng extn msl toe at ank/ft lev, r foot, subs"
820,DuBuque Group,"Inj lesser saphenous vein at lower leg level, left leg, init"
821,"Lehner, Hamill and Romaguera",Underdosing of antiallergic and antiemetic drugs
822,Trantow Inc,"Oth fractures of lower end of unsp radius, init for clos fx"
823,Hintz Inc,"Occup of pk-up/van injured in clsn w pedl cyc in traf, subs"
824,McGlynn Inc,"Corrosion of unsp degree of male genital region, init encntr"
825,"Gottlieb, Murphy and Flatley","Displ seg fx shaft of unsp fibula, 7thQ"
826,Lockman LLC,"Corrosion of third degree of left foot, sequela"
827,"Kub, Rosenbaum and Dooley","Disp fx of post column of l acetab, subs for fx w delay heal"
828,"Streich, Bartoletti and Shields","Oth types of non-hodg lymph, extrnod and solid organ sites"
829,Kreiger Inc,"Unsp intracranial injury w LOC of 1-5 hrs 59 min, subs"
830,Feest Inc,"Occup of 3-whl mv inj in clsn w nonmtr vehicle in traf, init"
831,McKenzie Group,Retinoschisis and retinal cysts
832,"Kirlin, Ullrich and Toy","Contus/lac cereb, w LOC >24 hr w/o ret consc w surv, sequela"
833,Schuster Inc,"Poisoning by oth hormone antagonists, undetermined, subs"
834,"Braun, Mann and Lehner","Adverse effect of peripheral vasodilators, initial encounter"
835,Lebsack and Sons,Severe persistent asthma with status asthmaticus
836,"Gislason, Tremblay and Shields",Cloacal extrophy of urinary bladder
837,"Zboncak, Medhurst and Gaylord","Pnctr of abd wall w/o fb, r upr q w/o penet perit cav, subs"
838,"Ondricka, Glover and Murphy",Pedl cyclst injured in trnsp accident w military vehicle
839,McGlynn Group,"Nondisp fx of sternal end r clavicle, 7thD"
840,Weissnat Inc,Gonorrhea complicating the puerperium
841,"Kunze, Klein and King",Car passenger injured in collision w rail trn/veh in traf
842,Koelpin-Keeling,"Poisoning by oth parasympath and spasmolytics, undetermined"
843,Stroman-Howell,"Insect bite (nonvenomous) of unspecified elbow, init encntr"
844,"Kerluke, Hermiston and Marquardt","Unspecified effects of vibration, subsequent encounter"
845,Mosciski Inc,Acute interstitial pneumonitis
846,Schneider and Sons,"Nondisp fx of r ulna styloid pro, 7thR"
847,Parker LLC,Undue concern and preoccupation with stressful events
848,Ledner Inc,"Passenger injured in collision w unsp mv nontraf, sequela"
849,DuBuque LLC,"Ulcerative colitis, unsp with unspecified complications"
850,Jacobson-Nikolaus,Atheroembolism of unspecified upper extremity
851,Bergstrom-Donnelly,"Nondisp spiral fx shaft of r fibula, 7thG"
852,"Aufderhar, Kutch and Stroman","Central cord syndrome at C7, sequela"
853,Moore-Bradtke,"Other dislocation of right patella, subsequent encounter"
854,"Mayert, Mayert and Champlin","Nursemaid's elbow, unspecified elbow, initial encounter"
855,Collier-VonRueden,"Displ transverse fx shaft of l femr, 7thB"
856,Schmeler LLC,"Unsp foreign body in oth prt resp tract causing asphyx, init"
857,Tremblay Group,"Pnctr of abd wall w fb, l upr q w/o penet perit cav"
858,"Stokes, Little and Ullrich","Dislocation of tooth, subsequent encounter"
859,Leffler-Hamill,"Other secondary chronic gout, unsp shoulder, without tophus"
860,Rippin-Hartmann,Psychological abuse complicating the puerperium
861,Donnelly-Tromp,Other osteomyelitis
862,Zemlak-Goyette,Unsp injury of unsp blood vessel at ankle and foot level
863,Wiegand-Hodkiewicz,Oth parlyt synd fol ntrm subarach hemor aff r nondom side
864,Blick LLC,Dissociative and conversion disorders
865,Murray-Effertz,"Unspecified subluxation of other finger, initial encounter"
866,Lueilwitz-Ratke,"Dislocation of septal cartilage of nose, initial encounter"
867,Mosciski-Schuster,"Transient synovitis, right shoulder"
868,Collins-Hegmann,"Poisoning by antiallerg/antiemetic, assault, subs"
869,Hodkiewicz-Rau,"Inj conjunctiva and corneal abrasion w/o fb, right eye, subs"
870,Rice Inc,Prsn brd/alit a car injured in collision w car
871,Abshire-Deckow,Contact with power take-off devices (PTO)
872,"Nienow, Schowalter and Fadel","Toxic effect of lead and its compounds, self-harm, sequela"
873,DuBuque-Senger,"Burn of second degree of forehead and cheek, subs encntr"
874,"Huels, Zemlak and Pagac","Insect bite (nonvenomous), left great toe"
875,VonRueden LLC,"Disp fx of medial condyle of right femur, init for clos fx"
876,Powlowski LLC,Obesity due to excess calories
877,Roberts-Herzog,Malig neoplm of upper-inner quadrant of right female breast
878,Hodkiewicz Inc,"Oth comp fol infusion, tranfs and theraputc inject, sequela"
879,Nitzsche and Sons,"Oth foreign object in oth prt resp tract cause asphyx, subs"
880,Koss LLC,"Displ bicondylar fx l tibia, 7thH"
881,"Breitenberg, Leannon and Ward",Anterior subluxation of right radial head
882,Dare Inc,"Poisoning by anticholinesterase agents, self-harm"
883,Crona LLC,"Cystocele, unspecified"
884,Sauer-Konopelski,Inflammatory diseases of prostate
885,Robel-Berge,"Driver of bus injured in collision w pedl cyc nontraf, subs"
886,Rutherford LLC,Myelofibrosis
887,Orn Inc,"Sprain of interphalangeal joint of left little finger, subs"
888,Kozey Group,"Poisoning by pertuss vaccine, inc combin w pertuss, assault"
889,Hills Group,"Disp fx of less tuberosity of l humer, 7thD"
890,Waelchi-Ondricka,"Disp fx of lower epiphysis (separation) of right femur, init"
891,"Wolf, Torp and Kreiger","Pathological fracture, left femur, subs for fx w nonunion"
892,"Veum, Reichel and O'Kon","Other chronic hepatitis, not elsewhere classified"
893,Runolfsdottir Inc,Nondisplaced spiral fracture of shaft of right femur
894,Schneider-Halvorson,"Struck by other psittacines, subsequent encounter"
895,Raynor and Sons,"Nondisp fx of prox phalanx of unsp less toe(s), 7thD"
896,Gulgowski-Torp,Other meningococcal infections
897,Franecki Group,"Sltr-haris Type IV physl fx upr end humer, l arm, 7thG"
898,Zieme LLC,"Unsp traum nondisp spondylolysis of sixth cervcal vert, init"
899,Langworth LLC,"Nondisp fx of prox phalanx of l rng fngr, 7thP"
900,"Lakin, Prosacco and Murphy",Athscl unsp type bypass of right leg w ulcer oth prt foot
901,Predovic LLC,"Traumatic rupture of right radial collateral ligament, subs"
902,Schmidt and Sons,"Unqualified visual loss, right eye, normal vision left eye"
903,Dietrich Group,"Milt op w explosn of improv explosv device, milt, init"
904,"Borer, Wehner and Jacobi",Parapsoriasis
905,Koss-Quigley,"Slip/trip w/o falling due to step into hole or opening, init"
906,"Schneider, Hilpert and Lang","Toxic effect of unsp metal, accidental, sequela"
907,"Jerde, Gaylord and Schaefer","Nondisp unsp condyle fx low end r femr, 7thG"
908,Romaguera-Willms,"Congen malform of ovaries, fallopian tubes & broad ligaments"
909,Beahan and Sons,Cerebral infrc due to embolism of left ant cerebral artery
910,Funk-Blanda,"Disp fx of med malleolus of r tibia, 7thH"
911,Murray-Medhurst,Abn lev hormones in specimens from female genital organs
912,"Frami, Labadie and Jacobs",Strain of muscle and tendon of front wall of thorax
913,"Braun, Littel and Prohaska","Laceration without foreign body, left lower leg, subs encntr"
914,Schamberger LLC,"Unsp injury of fallopian tube, unilateral, init encntr"
915,Wuckert and Sons,Laceration without foreign body of unspecified breast
916,Bahringer and Sons,"Lead-induced gout, wrist"
917,Sporer and Sons,"Nondisp fx of base of 2nd MC bone. l hand, 7thP"
918,"Torp, Larkin and Schroeder",Longitudinal reduction defect of unspecified ulna
919,Koss LLC,Encounter for fit/adjst of extracorporeal dialysis catheter
920,"Hahn, Yundt and Dooley","Pnctr w foreign body of unsp cheek and TMJ area, sequela"
921,"Aufderhar, Streich and VonRueden","Intcran inj w loss of consciousness of 31-59 min, subs"
922,"McGlynn, Padberg and Schimmel","Insect bite (nonvenomous) of scalp, sequela"
923,Ernser and Sons,"Contact with hot fluids, undetermined intent, subs encntr"
924,Dooley Inc,"Strain flexor musc/fasc/tend at forarm lv, left arm, sequela"
925,"Hermann, Carter and Considine",Corrosion of third degree of right lower leg
926,"Moore, Kirlin and Rippin",Intrinsic cartilagenous obstruction of Eustachian tube
927,Kilback Inc,"Sltr-haris Type III physeal fx phalanx of unsp toe, 7thP"
928,White and Sons,Moderate laceration of body of pancreas
929,"Kuhic, Rau and Green",Crushing injury of toe
930,Mante and Sons,"Toxic effect of chewing tobacco, undetermined, init encntr"
931,"Pfannerstill, Lesch and Hahn","Asphyxiation due to hanging, assault, initial encounter"
932,"Marvin, Rippin and Stroman","Other fracture of right lesser toe(s), sequela"
933,"O'Reilly, Bartell and Effertz",Burn of unspecified degree of palm
934,Koss and Sons,"Oth fracture of shaft of r humerus, subs for fx w nonunion"
935,Okuneva-Connelly,"Displ oblique fx shaft of r rad, 7thF"
936,Huels-McDermott,"Partial traum amp at level betw r shoulder and elbow, init"
937,Wiza LLC,Person outside car injured in clsn w statnry object in traf
938,"Wuckert, Wiegand and Schuppe","Fracture of superior rim of right pubis, init for clos fx"
939,Bosco-Runolfsson,Intcrn & intraspinal abscs & granuloma in dis classd elswhr
940,"Kunze, Streich and Greenfelder",Panic disorder without agoraphobia
941,"Nitzsche, Welch and Vandervort",Nonpurulent mastitis associated with the puerperium
942,Schmidt-Brekke,"Laceration of axillary or brachial vein, right side, init"
943,"Swift, Batz and Gleason","Matern care for damage to fetus by oth medical proc, fetus 1"
944,Bechtelar Inc,Laceration with foreign body of hip
945,Legros and Sons,"Displaced fracture of first metatarsal bone, left foot"
946,Hahn and Sons,Disruption of perineal obstetric wound
947,"Zemlak, Johns and Gutkowski","Insect bite (nonvenomous) of other finger, sequela"
948,Raynor-Lowe,Lobular carcinoma in situ of unspecified breast
949,"Runolfsdottir, Stark and Lehner",Sltr-haris Type I physeal fx upper end of unsp fibula
950,"Torp, Schuster and Trantow","Other fracture of other metacarpal bone, sequela"
951,Pouros Group,"Nontraumatic intcrbl hemorrhage in hemisphere, cortical"
952,Cartwright-Nader,"Unspecified chronic conjunctivitis, unspecified eye"
953,Mueller-Purdy,"Unsp opn wnd l bk wl of thorax w/o penet thor cavity, sqla"
954,Cronin-Lakin,"Adverse effect of other anti-common-cold drugs, sequela"
955,"Schuster, Blanda and Okuneva","Oth fx head/neck of l femr, 7thJ"
956,"Tremblay, Reichert and Altenwerth","Corrosion of third degree of trunk, unsp site, sequela"
957,Barrows-Balistreri,"Derangement of unsp lat mensc due to old tear/inj, left knee"
958,"Jenkins, Carroll and Toy",Displaced fracture of proximal phalanx of right index finger
959,"Koelpin, Pfeffer and McGlynn","Contus/lac r cereb w LOC w dth d/t oth cause bf consc, init"
960,"Conroy, Gaylord and Gerhold","Strain flxr musc/fasc/tend l little fngr at forarm lv, subs"
961,Mayert-Robel,"Disorder of amnio fluid and membrns, unsp, unsp tri, fetus 2"
962,Green Inc,"Oth physl fx lower end of l tibia, subs for fx w delay heal"
963,Kemmer-Schuppe,"Poisoning by macrolides, undetermined, initial encounter"
964,"O'Conner, Frami and Witting",Intussusception
965,O'Connell-Abernathy,Malignant neoplasm of overlapping sites of vulva
966,Block Group,"Displaced fracture of trapezoid, left wrist, sequela"
967,Waters Inc,Partial traumatic metacarpophalangeal amputation of thumb
968,Satterfield-Leffler,"Poisoning by otorhino drugs and preparations, self-harm"
969,Conroy-Mraz,Unspecified open wound of left elbow
970,Wilderman-Larson,"Poisoning by predom beta-adrenocpt agonists, undet, init"
971,"Spinka, Blick and Tillman","Abrasion, left hip, initial encounter"
972,Kuphal-Hessel,"Pseudopapilledema of optic disc, unspecified eye"
973,"Robel, Rath and Terry",Chronic parametritis and pelvic cellulitis
974,"Botsford, Rogahn and Bode",Lacerat flexor musc/fasc/tend l little finger at wrs/hnd lv
975,Erdman LLC,"Oth fx third MC bone, left hand, subs for fx w malunion"
976,Marquardt and Sons,"Aspirat pneumonitis due to anesth during preg, first tri"
977,Volkman-Swift,"Pnctr w foreign body of left thumb w/o damage to nail, init"
978,"Treutel, Zboncak and Grimes",Diabetes due to underlying condition w ophthalmic comp
979,"Gleichner, Shanahan and Cruickshank","Fused fingers, unspecified hand"
980,Sporer-Mills,Corrosion of third degree of right ankle
981,"Muller, Kreiger and Legros",Placenta percreta
982,Kertzmann LLC,"Leishmaniasis, unspecified"
983,"Grimes, Swift and Carter","Oth fx head/neck of unsp femr, 7thJ"
984,Anderson and Sons,Laceration of blood vessel of other and unspecified finger
985,Haag-Corkery,"Unsp injury of brachial artery, unspecified side, sequela"
986,Kris Group,"Bilateral femoral hernia, with obstruction, without gangrene"
987,Koepp-Baumbach,"Strain of unsp msl/tnd at ankle and foot level, unsp foot"
988,Leuschke LLC,"Toxic eff of halgn deriv of aliphatic hydrocrb, acc, subs"
989,Bartell-Conn,"Greenstick fracture of shaft of humerus, right arm"
990,Rutherford Inc,Other specified nutritional deficiencies
991,Williamson LLC,Burn of second degree of unspecified thigh
992,"Schuster, Collier and Schaefer","Unsp fracture of right ilium, init encntr for open fracture"
993,Mertz LLC,"Burn unsp deg mult sites of right lower limb, except ank/ft"
994,Hickle-Quigley,Unsp injury of unsp musc/fasc/tend at thigh level
995,Zboncak LLC,"Oth disrd involving the immune mechanism, NEC"
996,"Larson, Lehner and Kovacek","Spontaneous rupture of other tendons, left hand"
997,Goodwin-Cartwright,"Vascular headache, not elsewhere classified"
998,Cruickshank-Friesen,"Contus/lac right cerebrum w LOC of 30 minutes or less, init"
999,Wehner-Mante,"Unsp intracap fx r femr, 7thF"
1000,"Cronin, Kilback and Labadie","Displ suprcndl fx w intrcndl extn lower end of r femur, sqla"
