codigo_proveedor,nombre_proveedor,telefono,estado
1,Kane Mordecai,+63 (646) 504-8927,true
2,Cathryn Fealey,+63 (481) 899-0831,false
3,Eddi Ganter,+420 (210) 268-2765,false
4,Munroe Petrashov,+56 (523) 414-5890,true
5,Madelin Pyper,+51 (894) 309-8912,false
6,Bernhard Grayer,+850 (985) 765-8908,false
7,Kerby Britner,+1 (757) 956-8021,true
8,Wynn Carreyette,+60 (413) 948-5067,true
9,Zea Fernier,+63 (553) 311-0959,false
10,Jerrie Driussi,+49 (830) 931-2991,true
11,Marie-ann Tasch,+963 (100) 374-7365,false
12,Meredeth Ferebee,+57 (257) 776-5889,false
13,Irwinn Jodrelle,+593 (773) 738-4428,false
14,Jeno Lakeman,+234 (737) 621-8197,true
15,Mattheus Beentjes,+86 (881) 747-8663,true
16,Dominic Stormont,+44 (952) 600-4279,false
17,Bevvy Antonignetti,+1 (850) 485-7460,false
18,Kale Yarham,+30 (642) 855-2150,true
19,Jeannie Pointin,+55 (702) 596-6410,true
20,Northrop Slocom,+963 (425) 576-0283,true
21,Sophi Carty,+7 (103) 481-2150,false
22,Elwood Christaeas,+51 (959) 519-0974,false
23,Baily Piffe,+55 (242) 305-9419,true
24,Seward Draye,+39 (404) 258-3196,true
25,Perkin Tremethack,+62 (814) 594-0180,true
26,Cully Denidge,+66 (765) 166-5180,true
27,Rodd Faveryear,+86 (897) 492-8542,true
28,Lia Liles,+7 (903) 585-8835,false
29,Elayne Foyle,+63 (513) 404-9764,false
30,Dolley Mariner,+7 (985) 151-9550,false
31,Rycca Rosario,+351 (634) 926-7423,true
32,Trueman Avarne,+593 (409) 700-6014,true
33,Petey Huxtable,+92 (102) 556-0731,false
34,Herby Beers,+30 (948) 641-1154,false
35,Margo Brockman,+62 (676) 189-1763,true
36,Genni Wilson,+7 (818) 644-1578,true
37,Koral Percival,+63 (796) 862-9244,false
38,Wilie Fortescue,+55 (913) 117-7377,true
39,Roobbie Dohmann,+386 (932) 833-3908,true
40,Carlota Floweth,+62 (891) 530-9562,true
41,Freeland Lees,+356 (969) 792-4162,true
42,Phylis Trembey,+30 (894) 220-3338,false
43,Hillery Yoselevitch,+86 (403) 995-1949,false
44,Avril Stovine,+86 (409) 489-6310,true
45,Vonnie Thornewill,+352 (199) 992-2842,true
46,Rees Lathy,+33 (279) 808-0429,false
47,Pammie Mueller,+381 (893) 982-9343,false
48,Silvan Wigmore,+86 (911) 553-6138,true
49,Dian Crumley,+46 (647) 549-5417,true
50,Reade Championnet,+351 (608) 518-9711,true
51,Oswald Prose,+7 (226) 816-1981,true
52,Lee Venables,+63 (544) 825-8378,false
53,Wrennie Leed,+86 (168) 557-5247,false
54,Oralia Thomann,+81 (807) 113-9925,true
55,Martelle Brinson,+62 (851) 312-6132,true
56,Tricia Tattersall,+374 (531) 540-2224,false
57,Rhea Hollingdale,+55 (784) 922-9668,true
58,Benedetta Jennemann,+93 (955) 235-8331,false
59,Caron Renish,+420 (832) 366-4277,true
60,Lyon Georgeson,+254 (260) 694-0009,true
61,Gillian Fadian,+84 (921) 709-9416,false
62,Maddalena Bick,+7 (658) 426-2983,false
63,Harmony Martinovsky,+30 (777) 291-3213,false
64,Eberhard Bridell,+359 (280) 628-1885,true
65,Christiane Vango,+269 (601) 176-5019,false
66,Hartley MacCrachen,+63 (934) 816-4786,true
67,Billi Daintrey,+55 (978) 460-5700,false
68,Elton Broadbury,+86 (605) 902-6417,true
69,Amitie Dutnall,+45 (285) 416-3534,false
70,Olivette Spitell,+58 (331) 457-5803,true
71,Gerardo Sauven,+58 (628) 408-1531,false
72,Hieronymus Kapelhof,+46 (185) 488-8265,true
73,Roley Venable,+598 (390) 444-7826,false
74,Leelah Nunns,+62 (220) 859-2955,false
75,Sherri Preddy,+420 (667) 712-4658,true
76,Jessa Lenglet,+7 (482) 433-1931,false
77,Ethan Beckwith,+353 (958) 732-8937,true
78,Koral Charters,+62 (620) 533-5885,false
79,Norman Holme,+992 (467) 842-7530,true
80,Shawn Rich,+380 (614) 265-4495,true
81,Carey Battaille,+7 (292) 988-7929,false
82,Karel Marchment,+263 (430) 874-6038,false
83,Allina Labbey,+62 (326) 708-5097,false
84,Alana Jehan,+64 (332) 807-5512,true
85,Tory Fyers,+54 (653) 603-9758,true
86,Bevvy Dunning,+7 (635) 196-5186,true
87,Richie Stepto,+63 (329) 134-1109,true
88,Padraic Jeavons,+33 (878) 314-5327,true
89,Emily Ovesen,+47 (420) 650-4050,false
90,Em Slixby,+7 (127) 459-2842,true
91,Candide Cornborough,+51 (700) 235-2782,true
92,Cammi Couche,+992 (812) 114-2493,true
93,Wyatt Mandal,+63 (673) 502-2708,true
94,Sandor Robertz,+227 (670) 523-8395,false
95,Marlyn Arnaldy,+976 (391) 824-9548,false
96,Ingrim Gorringe,+351 (742) 909-3433,true
97,Ailee Straffon,+380 (369) 512-4993,true
98,Adrien Spratt,+225 (232) 782-3635,false
99,Stanfield Napthine,+86 (279) 100-2020,true
100,Jacquelin Morando,+86 (272) 127-6434,true
101,Eva McKennan,+33 (478) 742-9728,false
102,Goddart Willcock,+7 (600) 772-7832,false
103,Pepe Jepson,+62 (839) 298-2389,true
104,Josiah Catlette,+86 (336) 518-9285,true
105,Berkie Llorente,+963 (925) 524-1252,false
106,Darby Oxborough,+502 (735) 634-3220,true
107,Tammy Pluthero,+54 (714) 614-9892,true
108,Birgit Durram,+86 (512) 728-4007,false
109,Annadiana Spivie,+86 (282) 188-0647,false
110,Van Milby,+46 (513) 263-7367,true
111,Katerine O'Dennehy,+58 (456) 855-4985,false
112,Meryl Sworne,+62 (338) 920-9023,true
113,Sonya Ourry,+86 (375) 769-3217,true
114,Lana Kimmel,+62 (865) 627-0882,true
115,Midge Wolstencroft,+7 (188) 214-1982,true
116,Tanhya Kowal,+86 (307) 273-2646,true
117,Mohandis Scotchford,+62 (563) 429-3801,false
118,Martica Boyen,+33 (254) 687-3522,false
119,Stacia Emmitt,+52 (860) 264-4799,true
120,Leilah Exter,+351 (649) 112-7612,true
121,Rheta Ainsbury,+234 (729) 169-9926,false
122,Sonya Rochford,+7 (222) 424-4509,true
123,Adelice Taffley,+54 (471) 972-2178,false
124,Courtnay Philippard,+1 (513) 264-4897,true
125,Annetta Kalkofen,+1 (305) 856-7381,true
126,Alie Ramberg,+33 (783) 107-3077,false
127,Scotti Sundin,+55 (887) 178-4219,true
128,Mellisa Parmenter,+86 (968) 304-0647,false
129,Doug Leet,+86 (233) 738-1581,true
130,Lou Pendell,+84 (659) 351-9851,true
131,Marrilee McKay,+7 (952) 481-1947,true
132,Xavier Welham,+86 (889) 531-6168,false
133,Dawn Gellett,+1 (128) 236-5514,true
134,Austine Lovel,+30 (884) 785-8332,false
135,Florian Setford,+351 (661) 803-8577,true
136,Rubetta Emsden,+46 (130) 707-4928,false
137,Ola Maso,+7 (100) 538-4499,false
138,Gorden Dosdale,+375 (942) 159-3256,false
139,Benjy Larter,+506 (723) 512-3941,false
140,Margaret Rosi,+86 (464) 133-0117,true
141,Mab Di Dello,+62 (361) 370-1991,true
142,Madeleine Blowick,+506 (589) 130-8005,false
143,Phylis Ferrie,+86 (115) 239-4469,false
144,Pearline Dayly,+51 (420) 333-6959,false
145,Thacher Yaakov,+62 (875) 851-5474,true
146,Isabelita Greg,+86 (856) 336-0201,true
147,Carolynn Toffler,+7 (308) 782-0697,false
148,Rochella Staker,+1 (342) 996-5611,false
149,Lindsey Cozens,+48 (472) 795-5054,true
150,Woodrow Goodlip,+387 (650) 976-8253,true
151,Paulita Ausello,+62 (171) 666-8911,false
152,Minetta Goodwin,+86 (473) 410-1066,true
153,Dukie Pennyman,+63 (206) 137-6536,true
154,Marie-jeanne Brayne,+387 (172) 974-4092,false
155,Arlen Crambie,+358 (265) 559-6265,true
156,Nari Deex,+216 (259) 790-5509,true
157,Shane Bouts,+1 (410) 460-7416,false
158,Donia Reynoldson,+63 (907) 709-5763,true
159,Valentijn Hartshorne,+234 (337) 930-7131,false
160,Catharine Wicklen,+351 (812) 772-9785,true
161,Mannie Jillins,+351 (875) 229-1134,false
162,Nolly Brusby,+54 (848) 347-8086,true
163,Farrah Farraway,+48 (915) 646-5707,true
164,Emilee Lowdwell,+61 (835) 313-1200,true
165,Salmon Saffill,+62 (235) 657-3189,true
166,Rachael Radolf,+46 (550) 995-3516,false
167,Hanni Gonzalo,+48 (506) 853-6897,true
168,Cort Soulsby,+98 (588) 134-8311,false
169,Amaleta Hallwell,+86 (100) 806-8863,false
170,Quintana Airth,+33 (228) 277-9837,true
171,Oswell Dayce,+48 (472) 806-8412,false
172,Fabio Flanders,+63 (639) 294-3942,false
173,Vania De La Salle,+62 (931) 431-1895,true
174,Boy McCloughen,+61 (544) 992-4409,true
175,Becky Staddart,+380 (182) 991-6875,false
176,Rubie Yurov,+84 (670) 413-0970,false
177,Christopher Howieson,+55 (633) 494-7986,true
178,Jeanne Vreiberg,+33 (893) 858-3052,true
179,Angelia Dunkersley,+234 (969) 243-7305,false
180,Yorke Shoemark,+57 (885) 465-7892,true
181,Traci Toping,+51 (103) 516-9632,true
182,Jennee Di Franceshci,+357 (404) 866-2544,true
183,Dominique Olczyk,+62 (115) 542-7551,false
184,Ellary Rogister,+7 (875) 727-1357,false
185,Frederick Kopisch,+1 (937) 714-1590,false
186,Barbi Card,+86 (156) 377-5230,false
187,Feliks Mansuer,+86 (822) 565-1229,true
188,Kaylee Argile,+62 (888) 191-2448,true
189,Zita Jeynes,+351 (400) 935-6296,true
190,Constantine Hurne,+63 (329) 836-6311,false
191,Henderson Southgate,+7 (385) 631-7345,true
192,Lucy Stracey,+86 (346) 611-5308,true
193,Franciskus Berdale,+48 (833) 284-1883,true
194,Birgit Frazer,+86 (493) 983-3224,true
195,Arvy Muckeen,+63 (194) 220-7671,false
196,Sydel Gritland,+86 (665) 764-5034,false
197,Viv McGoogan,+86 (163) 503-3945,false
198,Jameson Stobart,+86 (540) 145-2194,true
199,Maxy Alliston,+7 (291) 313-8529,true
200,Philippine Loram,+380 (761) 920-5931,false
201,Ameline Guyonnet,+62 (461) 392-6671,true
202,Dominick Mattioni,+351 (870) 841-8969,false
203,Ailina Hannaford,+86 (354) 292-6348,true
204,Murray Splevings,+7 (918) 845-0563,true
205,Berni Spurr,+61 (500) 173-4923,false
206,Quill Van der Son,+960 (486) 928-1059,true
207,Catlin Brithman,+48 (678) 691-2931,false
208,Odell Greenlees,+1 (313) 935-7068,true
209,Rodrick Spellsworth,+1 (453) 194-0145,true
210,Woody Rounds,+380 (167) 808-7394,true
211,Gwynne Labro,+62 (251) 419-5804,false
212,Athene Fludgate,+46 (118) 202-5267,true
213,Brigid Murrigan,+51 (862) 630-5802,false
214,Siusan Rauprich,+55 (143) 268-5459,false
215,Jarred Kitchen,+7 (631) 115-3565,false
216,Niel Scedall,+86 (171) 483-5210,true
217,Darrin Vallentin,+62 (709) 495-4792,true
218,Georgie Dorrance,+255 (280) 381-3341,false
219,Johnny Bourton,+353 (642) 910-7212,true
220,Jacquelynn Hardbattle,+595 (999) 927-0044,true
221,Shell Van Weedenburg,+692 (504) 861-7057,false
222,Aldin Kleehuhler,+351 (745) 852-7601,true
223,Augusta Gladeche,+46 (135) 880-5111,true
224,Cordy O'Kinedy,+7 (694) 555-7024,true
225,Barnett Mounce,+351 (735) 737-1983,false
226,Pietrek Conen,+62 (225) 859-1726,true
227,Davy Parman,+57 (755) 756-6961,false
228,Crysta Zuan,+86 (776) 799-4031,true
229,Chadd Wilshin,+242 (795) 270-9656,false
230,Hunter Spaight,+55 (969) 339-0094,true
231,Gail Beernaert,+351 (516) 719-6633,false
232,Hana Dicty,+48 (871) 710-6129,true
233,Siffre Scattergood,+359 (148) 213-4917,true
234,Codie Slateford,+7 (659) 468-8655,true
235,Brant Rodrigo,+381 (999) 377-6675,true
236,Nikola Spiers,+7 (364) 591-2976,false
237,Elayne Bletso,+51 (758) 616-9202,false
238,Corny Letham,+63 (852) 633-0985,true
239,Candide Pleaden,+62 (945) 390-4555,true
240,Hyacinthie Cooke,+359 (582) 748-9613,true
241,Evaleen Pattesall,+81 (777) 937-3034,true
242,Letty Dani,+86 (910) 387-1802,true
243,Gay Pymer,+62 (117) 627-8659,true
244,Gennifer Morcombe,+55 (578) 322-3632,false
245,Ignaz Burberow,+62 (343) 618-2284,true
246,Clerc Fuller,+63 (515) 290-3551,true
247,Hazlett Minchella,+255 (812) 957-1726,true
248,Herby Drewet,+57 (566) 715-6408,false
249,Katlin Slowley,+86 (905) 507-9336,true
250,Gerhardine Slyman,+86 (392) 268-2884,true
251,Garnette Eymer,+7 (924) 110-9284,false
252,Merlina Wallbridge,+54 (571) 979-4326,true
253,Omar Hamor,+423 (429) 206-4070,false
254,Jo Lanfranchi,+63 (664) 533-2369,false
255,Corbin Matysik,+58 (707) 156-4425,false
256,Luella Carpmile,+598 (645) 522-3433,false
257,Cullan Buckler,+33 (610) 578-3603,false
258,Ranee McWhannel,+53 (721) 765-2774,true
259,Katharyn Jiroutek,+353 (926) 488-3454,true
260,Alfreda Loffill,+46 (330) 135-2191,true
261,Sutton Cordner,+84 (346) 766-8487,true
262,Guillaume Duckworth,+62 (280) 790-2628,true
263,Taddeusz Van Leeuwen,+86 (686) 278-1241,true
264,Dollie Torricella,+51 (731) 919-1473,false
265,Benjy Iacovazzi,+221 (852) 146-9138,true
266,Zeke Arlet,+53 (433) 746-8310,false
267,Sukey Humble,+62 (549) 519-9561,true
268,Ketti Beavington,+351 (883) 992-6445,true
269,Theresa Labbett,+62 (513) 155-9192,true
270,Sofia Baelde,+256 (419) 519-2507,false
271,Tibold Muddiman,+7 (386) 155-1754,true
272,Marcelo Moorwood,+86 (301) 114-3479,true
273,Marchall Kilminster,+1 (412) 919-8718,false
274,Darelle Hospital,+976 (403) 942-3007,false
275,Guenevere McOwen,+420 (474) 245-1624,false
276,Kimball Dmych,+420 (834) 741-1064,true
277,Dew Bloxham,+389 (401) 503-6039,true
278,Kaylee Andren,+63 (318) 985-0036,true
279,Consolata Tocher,+84 (328) 368-0568,true
280,Tamera Matteucci,+880 (626) 591-4694,false
281,Marna Roman,+265 (488) 813-0457,true
282,Torey Cody,+86 (980) 294-7662,true
283,Gay Brinkley,+55 (172) 565-8570,false
284,Cybil Label,+687 (548) 233-6368,true
285,Fremont Grzeskowski,+55 (306) 415-9740,false
286,Craggy Renner,+381 (796) 561-0423,true
287,Nellie Roocroft,+7 (274) 498-3464,false
288,Bernita Corlett,+49 (408) 825-4590,true
289,Selestina Dehn,+46 (312) 205-6014,true
290,Theodosia Shovelbottom,+7 (389) 563-7411,false
291,Lynna Figure,+62 (399) 168-8989,true
292,Franciskus Roseveare,+63 (460) 384-4379,true
293,Dagny Solesbury,+62 (910) 565-2987,false
294,Buddie Mourant,+62 (716) 352-0229,false
295,Alvy Vaughten,+55 (494) 251-8751,false
296,Gertrude Winkless,+92 (622) 784-5422,false
297,Mireille Postins,+86 (464) 603-2424,false
298,Glori Ygou,+385 (382) 345-4003,true
299,Othilie Easom,+351 (566) 143-7804,false
300,Elisha Douthwaite,+93 (884) 256-5659,true
301,Ag Coplestone,+34 (773) 201-1033,false
302,Gusta Lowrey,+381 (479) 697-9214,true
303,Mirelle Hankard,+62 (126) 547-5793,false
304,Gloriane Cranmore,+86 (245) 868-8566,true
305,Nahum Arch,+84 (184) 332-3658,false
306,Lucita Faltskog,+86 (769) 385-7295,false
307,Grant Titman,+63 (508) 365-5094,true
308,Yancy Goldbourn,+86 (433) 307-7299,false
309,Renata Lampl,+55 (143) 439-7315,true
310,Vonnie Milland,+51 (147) 282-2612,false
311,Brandon Olivey,+81 (944) 174-2514,true
312,Marley Holbie,+62 (246) 225-6281,false
313,Quent Khomich,+386 (502) 809-3231,false
314,Ewell Mitten,+375 (691) 682-2134,false
315,Jasen Habben,+351 (500) 393-4966,true
316,Elysia Frowing,+81 (747) 228-2977,false
317,Cherilynn Balsdone,+7 (590) 446-3510,false
318,Emmet Samart,+86 (517) 687-3064,true
319,Karola Duggen,+44 (363) 423-0026,false
320,Blake Pebworth,+33 (657) 194-7911,true
321,Luella Gorke,+212 (936) 879-6621,false
322,Felicity Suddick,+351 (932) 752-4876,false
323,Euell Phipson,+7 (159) 153-6843,true
324,Jone Covill,+54 (897) 509-9287,false
325,Eugenie Febre,+34 (779) 978-0747,true
326,Egon Glenn,+48 (124) 343-8597,false
327,Genevieve Gapper,+7 (922) 887-3944,true
328,Holt McCrone,+7 (473) 252-2109,false
329,Vere Le Barre,+51 (160) 375-5776,false
330,Davina Gagen,+63 (844) 529-6073,false
331,Bartholemy Woolis,+62 (313) 230-7319,true
332,Ware McGillivray,+250 (659) 582-7127,false
333,Horst Feldmesser,+235 (218) 235-2673,true
334,Emerson Dunmuir,+66 (275) 591-2494,false
335,Lorant Erett,+36 (820) 782-5699,true
336,Garnette Szymon,+1 (302) 267-2013,false
337,Jojo Mellish,+30 (149) 127-3646,true
338,Maia Kamiyama,+62 (496) 267-7971,true
339,Jourdain Philippe,+966 (858) 474-0840,false
340,Ciro Taylo,+54 (924) 155-1351,false
341,Alvira Ayling,+7 (573) 967-3266,false
342,Orlando Braysher,+33 (466) 821-8134,false
343,Giovanna MacDermand,+351 (982) 211-1667,false
344,Carmine Abley,+351 (877) 711-7592,true
345,Honey McCart,+86 (806) 749-5634,true
346,Laird Hardwidge,+62 (732) 941-3411,false
347,Madalyn Rush,+47 (699) 605-7892,true
348,Dalenna Winnister,+86 (400) 958-7301,false
349,Simona MacRory,+62 (222) 660-8853,true
350,Rickert Garrould,+54 (896) 311-0804,true
351,Gilligan Somes,+49 (357) 765-5149,false
352,Marcellina Pharoah,+850 (481) 585-9097,false
353,Jordanna Saldler,+86 (884) 124-3608,false
354,Jody Spere,+46 (175) 720-0201,false
355,El Noriega,+57 (289) 894-7131,true
356,Lazar Iacofo,+48 (390) 959-7785,true
357,Philippe Silvers,+63 (181) 743-4239,true
358,Ardelis Kimberley,+62 (462) 858-6954,true
359,Batsheva Weekes,+351 (526) 929-0620,true
360,Chick Behan,+62 (986) 508-3759,false
361,Gerry Hinckes,+62 (261) 222-4718,false
362,Noemi Pritty,+81 (646) 417-1106,true
363,Llewellyn Jakubczyk,+62 (719) 113-2153,true
364,Hamid Joska,+86 (486) 632-4659,true
365,Bibby Ryburn,+212 (631) 704-3318,false
366,Bryn Demeza,+61 (989) 391-4978,false
367,Jamal Tweedell,+86 (527) 808-6206,true
368,Elisabetta Velte,+63 (684) 382-2379,false
369,Lavina Dennidge,+86 (819) 509-0756,false
370,Gertrudis Strangeway,+62 (640) 370-9553,true
371,Rodolph Janczyk,+263 (631) 424-7472,false
372,Deerdre Lonnon,+232 (339) 225-2071,false
373,Rodrick Ramelot,+39 (915) 619-9095,false
374,Jennine Astill,+86 (757) 661-9917,true
375,Cody Chimenti,+81 (585) 147-9387,false
376,Jed Gallamore,+86 (301) 350-5209,false
377,Leslie Ajam,+86 (309) 223-5578,false
378,Doroteya Blenkhorn,+57 (252) 310-0476,false
379,Basil Dalyell,+55 (915) 379-5199,true
380,Eleonora Nunes Nabarro,+55 (647) 424-7065,false
381,Malva Costigan,+86 (112) 169-7371,false
382,Adrianne Eyers,+998 (813) 588-8257,false
383,Merwyn Betteson,+62 (880) 584-1740,true
384,Ruggiero Grint,+62 (297) 657-2814,true
385,Audra Harmond,+998 (101) 734-0861,true
386,Suzanna Miroy,+380 (696) 400-2293,true
387,Haydon Cardis,+30 (640) 382-1142,true
388,Annalee Rudolf,+359 (634) 649-9376,true
389,Philis Firmin,+86 (665) 388-3889,true
390,Arliene Chell,+86 (421) 167-0569,true
391,Rosene Furness,+81 (613) 181-2621,false
392,Jori Maddigan,+970 (978) 137-4416,true
393,Gualterio Reppaport,+60 (229) 924-8682,true
394,Durward Beaumont,+62 (919) 662-8737,false
395,Lucky Jocelyn,+86 (173) 149-5658,false
396,Teresina Beardow,+970 (390) 806-5332,true
397,Veronika Stogill,+420 (647) 487-1945,true
398,Cara Isacq,+7 (425) 687-2603,true
399,Salomo Calbrathe,+263 (133) 851-6855,false
400,Elton Tinsey,+56 (441) 981-9101,false
401,Georgeanna Dewitt,+86 (501) 367-5850,false
402,Aldin Savill,+30 (785) 643-2237,false
403,Laurena Currington,+48 (681) 844-7984,false
404,Eulalie Vicar,+86 (644) 470-4971,false
405,Denice Lochrie,+387 (171) 598-7641,true
406,Randee Shiell,+39 (292) 513-6219,false
407,Walsh Gerding,+66 (910) 830-8855,false
408,Eberhard Bagehot,+81 (420) 570-1600,true
409,Justinn Mercy,+48 (956) 623-9762,true
410,Ameline Cowern,+62 (336) 262-5003,false
411,Ole Spitaro,+86 (564) 443-8015,false
412,Ingemar Castelot,+27 (817) 185-0704,true
413,Artie Kiss,+86 (346) 698-8065,false
414,Oswald Lorenz,+63 (988) 712-0039,true
415,Meagan Poundsford,+84 (445) 108-0781,false
416,Burton Redmell,+62 (274) 880-6064,true
417,Codee Gault,+55 (461) 477-3523,true
418,Bebe Lydiate,+48 (209) 231-3334,false
419,Ainslie Marden,+62 (418) 652-4722,true
420,Ariana Skeermor,+62 (270) 777-5831,false
421,Earlie Manuelli,+86 (651) 705-7404,false
422,Abbe Barbour,+86 (310) 510-0716,true
423,Christan Surgison,+386 (485) 167-7911,true
424,Kaylee Densham,+86 (852) 954-7238,false
425,Angil Beesey,+1 (614) 461-0660,true
426,Sasha Sinclar,+502 (566) 403-2403,true
427,Orazio Harty,+1 (979) 627-4453,true
428,Free MacKonochie,+63 (227) 356-0010,true
429,Bernie Jeandel,+7 (393) 132-5496,true
430,Grata Sneaker,+880 (582) 494-6451,true
431,Antoni Sillick,+62 (117) 922-4074,true
432,Martica Keeney,+93 (335) 479-4936,false
433,Adoree Quinsee,+7 (201) 998-9650,true
434,Ileane Maldin,+86 (562) 500-0308,false
435,Janeczka Upshall,+507 (510) 997-9293,false
436,Yard Firbanks,+254 (764) 944-3896,false
437,Deirdre Ashtonhurst,+62 (176) 458-5862,true
438,Giusto Belsher,+58 (419) 652-5161,false
439,Lilllie McGoogan,+972 (441) 106-2625,false
440,Carey Redsall,+7 (301) 196-7906,true
441,Damon Quimby,+33 (364) 302-1576,false
442,Lydia Poser,+7 (812) 784-9455,true
443,Millisent Bruhnicke,+63 (662) 147-4166,true
444,Braden Matzke,+86 (182) 248-1074,false
445,Nita Wherry,+86 (524) 374-5910,true
446,Dorthea Schroeder,+351 (280) 512-2912,false
447,Rickert Minci,+62 (501) 589-8534,true
448,Filippa Wainman,+358 (849) 444-3137,false
449,Allin Bosher,+52 (813) 232-7724,true
450,Claudie Pattie,+86 (585) 200-4694,true
451,Albert Ferreri,+1 (681) 136-9648,false
452,Dora Grzeszczak,+86 (504) 549-2089,true
453,Kerrill Roullier,+62 (309) 296-9831,true
454,Bo Duchart,+33 (306) 338-4095,true
455,Britt Toby,+351 (624) 119-4380,true
456,Simeon Sore,+81 (115) 138-9729,true
457,Leandra Dallywater,+86 (512) 802-6445,true
458,Wittie Petch,+20 (599) 172-8962,false
459,Ettie Readmire,+86 (455) 114-9133,true
460,Keely Kettleson,+33 (984) 791-2289,false
461,Helena Korfmann,+63 (895) 243-0435,true
462,Jarad Bliven,+86 (308) 217-9735,true
463,Saundra Cregin,+420 (676) 810-7866,false
464,Papageno Abbison,+86 (407) 985-8358,false
465,Nevin McCaughey,+420 (179) 940-3516,false
466,Rockie Catlette,+62 (650) 717-4820,true
467,Ilsa Grimsdell,+62 (696) 741-4689,false
468,Thorstein Simeone,+7 (125) 599-1915,false
469,Royce Picford,+1 (937) 559-4847,true
470,Alica Lean,+86 (786) 979-1904,true
471,Yetty Martell,+1 (318) 705-7043,true
472,Cal Canny,+92 (975) 108-6465,false
473,Maxwell Rosenauer,+389 (133) 976-9547,false
474,Jude Brinicombe,+62 (911) 257-9323,true
475,Kaylyn Crinidge,+84 (988) 691-1739,false
476,Dave Janman,+351 (197) 781-3513,true
477,Melloney Juza,+504 (733) 338-8689,true
478,Anstice Choudhury,+265 (421) 740-3729,false
479,Hyman Clutheram,+63 (154) 563-1470,false
480,Candice Rubberts,+1 (245) 903-6532,false
481,Morgan Gallyhaock,+86 (824) 849-0392,false
482,Prudi Goforth,+7 (597) 177-3257,false
483,Manuel Klazenga,+63 (826) 572-8267,true
484,Merry Mathivon,+54 (703) 888-4996,false
485,Axe McFadzean,+995 (585) 640-9785,false
486,Allx Bril,+62 (881) 202-1421,true
487,Veda Basilio,+62 (140) 402-0513,false
488,Camile Zink,+63 (113) 249-0834,true
489,Patience Cheel,+7 (665) 896-0092,true
490,Avivah Keune,+51 (384) 632-0688,true
491,Debee Gouldeby,+7 (965) 486-4621,true
492,Hyacintha Fenich,+55 (429) 608-4644,false
493,Cash Panniers,+7 (350) 542-4293,false
494,Hakim Maggill'Andreis,+86 (532) 578-9300,true
495,Micheil Annott,+86 (822) 835-3032,false
496,Hardy Dennitts,+7 (239) 977-1612,true
497,Corbet Arran,+63 (373) 114-7579,false
498,Mufi Ortell,+86 (498) 773-2100,true
499,Jonah Stansall,+20 (764) 723-4650,false
500,Nessi Shillitto,+593 (766) 328-0431,true
501,Ewart Jales,+86 (298) 449-5241,true
502,Granny Schneidau,+62 (170) 557-5071,false
503,Brett Mushet,+66 (454) 340-7785,true
504,Darill Wilcocks,+964 (993) 407-5151,true
505,Gav Siss,+351 (828) 960-7321,false
506,Westbrook Mockler,+86 (562) 605-0880,false
507,Byran Dreher,+46 (630) 604-6539,true
508,Lyda Covey,+57 (220) 916-5991,true
509,Antonella Moughtin,+62 (377) 990-6026,false
510,Yale Freemantle,+62 (471) 280-4538,true
511,Brendin Cussen,+86 (208) 783-6473,true
512,Pauletta Campos,+976 (171) 848-1418,false
513,Guillaume Fine,+226 (316) 983-4629,true
514,Tuckie Edwicker,+55 (861) 757-0705,false
515,Sissie Birdsall,+62 (459) 680-9709,true
516,Hanna Chalmers,+86 (239) 445-4673,false
517,Halli Filyakov,+358 (946) 165-9433,false
518,Shaina Gregson,+86 (998) 437-6195,false
519,Waiter Corry,+355 (630) 977-2744,false
520,Corey Thrasher,+1 (684) 245-4030,false
521,Stephanie Walsh,+86 (834) 425-2745,true
522,Orly Judson,+63 (508) 921-3242,true
523,Henri Kalinke,+63 (774) 790-6812,true
524,Denys Stoller,+63 (685) 418-6015,true
525,Anneliese Pieroni,+48 (812) 949-6855,false
526,Bucky Lammers,+62 (878) 815-7037,false
527,Vivienne Sneath,+501 (109) 445-9895,false
528,August Shelmardine,+507 (504) 130-9688,false
529,Brendis Webland,+62 (970) 267-8140,true
530,Rasia Lindley,+503 (199) 546-0266,false
531,Eldon Kitcat,+55 (780) 743-7393,false
532,Jone Puden,+20 (548) 148-5462,false
533,Grantley Spare,+62 (391) 348-5180,false
534,Alidia Laxton,+86 (373) 398-3361,false
535,Cristina Ouldcott,+86 (991) 246-3904,false
536,Frederica Monsey,+52 (550) 912-1913,true
537,Chelsie Ucceli,+508 (136) 258-3672,false
538,Gale Skellion,+387 (682) 346-7789,false
539,Quinn Towle,+62 (265) 241-2418,true
540,Evania Scholcroft,+234 (962) 319-5995,false
541,Auguste Otridge,+81 (568) 787-1715,true
542,Abagail Waldera,+81 (421) 720-7515,false
543,Reinaldos Heritege,+66 (482) 905-5757,true
544,Tally Ibbott,+48 (209) 377-3894,true
545,Bradley Linch,+51 (874) 565-9153,false
546,Wenona Torregiani,+977 (537) 508-9413,true
547,Selena Jakubovitch,+86 (143) 494-5354,true
548,Joete Mulgrew,+62 (776) 357-6196,false
549,Deanne Toll,+386 (615) 353-1326,false
550,Evy Pittel,+49 (796) 779-4438,true
551,Erinna Iwanczyk,+62 (676) 343-2774,true
552,Freddy Eiler,+267 (552) 695-9603,true
553,Thayne Kinglake,+507 (861) 722-9032,true
554,Irwin Howerd,+62 (503) 420-2311,false
555,Putnam Bail,+380 (143) 958-0830,false
556,Hobie Manueli,+62 (372) 937-8229,false
557,Amalea Scammonden,+7 (284) 590-8459,true
558,Cchaddie Styche,+46 (418) 606-8165,true
559,Valencia Brosel,+86 (717) 595-9277,true
560,Stanford Diego,+62 (654) 124-0479,true
561,Cathie Padberry,+66 (985) 212-3461,false
562,Eli Angelo,+212 (302) 994-4813,false
563,Audrie Wynett,+51 (559) 293-9441,false
564,Betty Gouldthorpe,+33 (809) 850-7278,false
565,Faye Benian,+55 (262) 232-4577,true
566,Floyd Carnduff,+62 (782) 816-6997,true
567,Stacy Brennans,+51 (186) 847-5793,true
568,Darcey Pittock,+7 (290) 183-2388,false
569,Barrett Worcs,+46 (938) 593-2981,false
570,Tobie Lindeberg,+66 (945) 827-2568,false
571,Dudley Ciotti,+7 (353) 581-5972,false
572,Gerhard Cruddas,+7 (168) 156-5900,false
573,Howie Lecointe,+680 (643) 371-7457,true
574,Erinn de Aguirre,+62 (301) 995-6292,true
575,Joseito Kulic,+7 (297) 101-8663,false
576,Terencio Claus,+55 (792) 529-1387,false
577,Immanuel Le Barr,+48 (224) 104-2592,true
578,Tait O'Regan,+371 (486) 990-9762,false
579,Arabelle McDonough,+385 (820) 908-5968,false
580,Lusa Worge,+231 (693) 507-6585,false
581,Thalia Crayke,+48 (411) 214-5288,false
582,Jameson Guiot,+95 (109) 953-6860,false
583,Raquel Abdon,+7 (410) 382-5132,false
584,Donn Bradford,+92 (610) 747-3690,true
585,Romain Crace,+970 (157) 715-9286,false
586,Ruthe Jina,+53 (391) 880-0105,true
587,Nevile Sheehan,+63 (277) 369-8083,true
588,Katleen Streeton,+52 (477) 747-5978,true
589,Lucian McGregor,+86 (653) 363-1265,true
590,Walton Tinklin,+66 (567) 468-8885,false
591,Madelon Heyns,+7 (886) 838-2044,true
592,Pen Rolfini,+53 (637) 974-5778,true
593,Denyse Bengtson,+503 (535) 575-1218,true
594,Berty Yokley,+64 (993) 337-0020,true
595,Dynah Compfort,+33 (568) 641-7596,true
596,Eugenie Dorricott,+51 (384) 269-0261,true
597,Chuck Bonavia,+48 (584) 556-9346,true
598,Clive Penquet,+52 (989) 612-2644,true
599,Wilow Matousek,+86 (596) 155-0919,false
600,Lily Thorneloe,+351 (791) 893-5175,true
601,Aprilette Allgood,+86 (408) 387-2438,false
602,Goddard Lightfoot,+63 (977) 190-8718,true
603,Cyndi Bazell,+86 (864) 568-1505,false
604,Phaedra Larvent,+98 (252) 713-8241,false
605,Delinda Matzeitis,+7 (786) 692-3945,true
606,Betteann Matanin,+84 (653) 809-2087,false
607,Thelma Wittman,+52 (824) 855-8315,true
608,Angelique Mitkin,+234 (427) 376-1443,true
609,Nicol Barbara,+235 (874) 117-8278,true
610,Aura Leyborne,+353 (133) 592-7955,false
611,Niccolo Klulik,+62 (682) 220-1334,false
612,Sherwynd Fulbrook,+86 (652) 711-8491,false
613,Allys Piken,+46 (725) 364-1930,false
614,Konstantin Dunican,+46 (744) 586-2986,true
615,Merwyn Stivani,+7 (221) 274-1078,true
616,Pren Callery,+62 (491) 242-6874,true
617,Jilly Redfern,+31 (953) 957-1050,false
618,Wayland Matej,+86 (659) 936-5861,false
619,Emily Prandini,+261 (980) 607-2011,true
620,Helenka Whitnell,+48 (377) 264-7893,false
621,Herculie Bockett,+62 (661) 115-7236,true
622,Tabbitha Kiggel,+33 (110) 635-5289,false
623,Karita Strong,+62 (986) 251-2389,false
624,Tonya Tudbald,+1 (407) 502-4615,true
625,Ignacio Papaccio,+62 (406) 751-5209,false
626,Jecho Durnan,+86 (739) 147-4586,false
627,Adel Binner,+86 (203) 583-1198,false
628,Ulric McCerery,+998 (113) 634-3192,true
629,Maye Phillipp,+351 (591) 287-3403,true
630,Alphard Hindshaw,+63 (405) 391-1211,true
631,Matthiew Pioli,+86 (235) 838-8218,true
632,Matthias Matzkaitis,+375 (952) 606-8350,true
633,Caye Monketon,+31 (634) 781-4791,true
634,Merrili Ugolotti,+62 (667) 461-9459,false
635,Lucky Reims,+63 (775) 531-4867,false
636,Jessee Longbone,+7 (553) 261-5071,false
637,Blayne Patterfield,+385 (713) 665-0443,false
638,Winfield Adicot,+93 (427) 168-7122,true
639,Tallulah Paiton,+86 (421) 730-2127,true
640,Nedi Flobert,+33 (466) 496-8857,true
641,Heath Josland,+62 (160) 210-5862,false
642,Olivie Libbey,+98 (477) 815-5596,false
643,Esteban See,+7 (921) 313-9453,true
644,Burnaby Rarity,+351 (800) 669-9940,true
645,Melisent Petriello,+30 (326) 789-3817,false
646,Mildrid Burnage,+62 (881) 208-3994,false
647,Quinton Mullinger,+86 (535) 753-2171,true
648,Valera Roulston,+380 (610) 163-3023,true
649,Letisha Chawkley,+86 (434) 779-4770,false
650,Kelley Yarnell,+86 (613) 756-4848,false
651,Bliss Oldknow,+54 (519) 931-5286,false
652,Osbourn Pawellek,+967 (789) 422-4788,true
653,Bella Hatherley,+86 (618) 867-4798,true
654,Lana Sowrah,+62 (712) 580-3642,false
655,Kat MacKeague,+48 (692) 431-7130,true
656,Archy Ferroli,+48 (413) 735-1427,true
657,Aliza Ricart,+256 (223) 664-8495,false
658,Gaile Prigmore,+44 (584) 208-7127,false
659,Sibylle Treuge,+504 (679) 806-2920,false
660,Bordy Wilde,+33 (385) 274-0863,true
661,Garnet Beazey,+48 (395) 459-4017,false
662,Carma Teall,+55 (870) 309-2759,true
663,Garfield Constanza,+1 (396) 332-9176,true
664,Fax Rapp,+967 (363) 528-6943,true
665,Laurens Sweetman,+251 (842) 174-4923,true
666,Austine Pryor,+353 (661) 411-9298,true
667,Willi Fellona,+49 (418) 849-1341,true
668,Jeanie Fontanet,+46 (146) 478-6232,true
669,Kristoforo Babidge,+46 (791) 624-2125,false
670,Sigismond Spring,+86 (312) 740-9185,false
671,Etty Buckie,+36 (969) 644-0404,true
672,Blanch Ablitt,+30 (335) 891-8725,false
673,Sarette Gieves,+86 (854) 739-1724,false
674,Linoel Gisbourn,+86 (819) 322-8738,false
675,Marylin Riccardini,+86 (599) 863-7629,false
676,Aymer Willock,+46 (107) 251-4434,false
677,Dasie Gleeton,+55 (134) 481-9464,false
678,Koressa Semple,+1 (770) 286-9500,false
679,Modesty Nan Carrow,+33 (357) 951-8332,true
680,Mathe Brambill,+46 (190) 113-3978,false
681,Chelsie Snarie,+57 (884) 534-6697,true
682,Hewet Geydon,+86 (903) 976-5340,false
683,Paule Castaneda,+60 (755) 959-8203,true
684,Ian Darrington,+86 (764) 398-0179,false
685,Ulric Vuitte,+7 (600) 407-4442,true
686,Sindee Pateman,+856 (686) 749-8214,true
687,Alick Wrathmell,+351 (337) 761-8110,false
688,Othilia Canet,+98 (850) 643-8900,false
689,Patrice De Carlo,+234 (815) 141-6980,false
690,Terrie Mocher,+62 (430) 308-1619,true
691,Matthieu Vero,+55 (215) 487-0762,false
692,Antoinette Dunnaway,+62 (583) 898-1227,true
693,Fidelia Cragg,+86 (322) 976-7694,true
694,Red Kear,+380 (709) 230-8084,true
695,Kin Doumer,+55 (903) 192-4163,true
696,Terence Dundredge,+7 (174) 272-8902,true
697,Sheba Keeping,+967 (349) 877-0193,false
698,Rem Ludmann,+41 (182) 996-3290,false
699,Danny Benn,+237 (952) 751-6665,false
700,Annecorinne Sterzaker,+351 (575) 736-3103,false
701,Kipp Peaurt,+420 (162) 675-2244,false
702,Kyle Onthank,+46 (961) 172-2106,false
703,Marlyn Graysmark,+86 (375) 795-6902,true
704,Scottie Baise,+84 (373) 733-1149,false
705,Denis Delafoy,+62 (557) 832-7223,false
706,Stefa Langrick,+46 (192) 403-8929,false
707,Harley Emson,+48 (758) 558-1875,true
708,Anna-diane Di Ruggero,+63 (675) 922-0618,false
709,Bella Kelleher,+63 (505) 740-4246,true
710,Daryl Keynd,+62 (800) 526-1253,true
711,Lura Fuggles,+63 (792) 471-8009,true
712,Ossie Brandino,+355 (411) 950-0466,false
713,Electra Domenget,+351 (901) 613-8241,true
714,Rina Tennock,+7 (293) 535-2670,true
715,Christie Boldt,+353 (623) 659-5890,false
716,Stavros Rayment,+261 (912) 804-0983,true
717,Teodoor Caneo,+48 (367) 701-3215,true
718,Mandie Roswarn,+86 (219) 152-8166,true
719,Archambault MacCauley,+380 (864) 561-4517,true
720,Shanta Izchaki,+81 (107) 232-3053,true
721,Vick Weinham,+880 (300) 152-8737,true
722,Denys Colls,+1 (540) 961-2430,false
723,Allene Duferie,+55 (761) 825-8559,true
724,Bliss Downey,+86 (352) 261-1645,false
725,Giff Bigglestone,+63 (493) 239-6142,false
726,Marjy Maps,+62 (149) 406-9955,false
727,Wood Lorenzini,+358 (977) 406-4800,false
728,Artemus Wyeth,+48 (858) 289-3884,true
729,Elwyn Origan,+62 (708) 429-1695,true
730,Julita Fries,+359 (520) 203-9647,true
731,Blair Grigolli,+593 (477) 856-6120,false
732,Alphonse Swynfen,+7 (805) 437-2683,false
733,Lizbeth Willavize,+7 (309) 540-2565,false
734,Corey Ranklin,+62 (322) 804-8994,false
735,Baily Samuels,+81 (924) 866-2648,false
736,Nedi Fawdry,+1 (214) 393-5220,true
737,Lind Porritt,+86 (830) 197-8223,true
738,Beatrix Eckford,+234 (530) 836-7844,false
739,Bevvy Castells,+63 (543) 695-6992,true
740,Jarrad Rawsthorn,+86 (397) 215-9255,false
741,Rafe Olivetta,+387 (707) 580-0032,true
742,Dame Beaton,+48 (108) 250-8145,true
743,Gilbert Fryers,+375 (975) 177-6619,true
744,Bren Aberdalgy,+62 (190) 266-4104,false
745,Lucienne Creek,+46 (409) 464-4061,true
746,Gerrard Rizzelli,+375 (285) 528-5559,true
747,Rutledge Cocklie,+504 (301) 612-9649,false
748,Darelle Ollerhead,+48 (453) 152-4906,true
749,Casie Lightbourne,+54 (263) 206-4478,true
750,Jodee Hovard,+55 (314) 442-6857,true
751,Nixie Meekins,+86 (628) 982-7088,true
752,Crystie Paeckmeyer,+54 (200) 681-4749,false
753,Berky Dowrey,+62 (570) 335-3857,false
754,Garald Cushe,+1 (399) 871-9291,false
755,Antonino Regnard,+86 (716) 934-2446,true
756,Sterne De Cruz,+81 (464) 121-2398,true
757,Sherilyn Heintzsch,+66 (231) 162-5802,true
758,Breanne Gonneau,+86 (890) 878-8115,true
759,Sydel Scudder,+30 (458) 898-4482,true
760,Adelheid Jakoubec,+86 (664) 764-6921,true
761,Larina Reynold,+359 (607) 374-6791,true
762,Sibley Oleszczak,+1 (330) 456-1670,false
763,Mehetabel Wrout,+84 (789) 806-1213,false
764,Lanie Shaves,+86 (447) 944-6550,false
765,Lock Humphris,+30 (416) 410-6021,false
766,Rik Aldiss,+234 (234) 650-3415,false
767,Corny Skakunas,+46 (688) 785-7535,false
768,Dolph Barkess,+57 (192) 539-8593,false
769,Katrina Clash,+351 (400) 569-4639,true
770,Madelle Sexten,+961 (178) 305-5873,false
771,Dahlia Debrett,+86 (757) 184-7782,false
772,Arlen Benettolo,+357 (967) 945-3252,true
773,Tildie Harold,+48 (467) 818-3331,true
774,Bud Pogg,+691 (471) 838-7794,false
775,Mano Coltart,+7 (131) 474-0615,true
776,Madelina Seary,+46 (371) 395-3205,true
777,Wolfgang Janousek,+86 (806) 512-5851,true
778,Alina Aldus,+7 (220) 540-9487,true
779,Darby Gair,+86 (190) 878-4280,true
780,Amitie McGeoch,+62 (206) 703-9185,true
781,Arel Manuelli,+86 (698) 434-3485,true
782,Jany Chatelot,+46 (321) 239-9549,true
783,Arliene Rentoll,+262 (720) 541-8061,false
784,Kipper Potter,+224 (413) 548-0435,false
785,Dall Buddles,+1 (567) 394-4537,false
786,Hildegarde Zorzetti,+7 (683) 473-8455,false
787,Damian Roddan,+970 (780) 936-1895,true
788,Abbe Tippings,+86 (175) 549-0046,true
789,Chrissie Goodlatt,+81 (522) 542-4297,true
790,Hetti Meechan,+963 (721) 418-0187,false
791,Bertrand Trask,+62 (723) 684-2478,false
792,Phillis Mourbey,+251 (265) 545-2015,true
793,Susanne Memory,+7 (165) 827-0270,true
794,Isobel Beagrie,+86 (504) 527-0611,true
795,Donica Firidolfi,+62 (685) 615-7951,true
796,Reed Dicke,+86 (708) 158-0113,false
797,Amberly Levinge,+420 (895) 828-4450,false
798,Zaccaria Branscomb,+62 (443) 968-6691,true
799,Mahala Esposi,+62 (965) 853-6450,true
800,Ines Shermore,+351 (684) 992-9969,true
801,Tasia Trobridge,+420 (192) 353-9285,true
802,Saunderson Bulford,+234 (223) 502-0441,true
803,Huberto Cauderlie,+58 (424) 718-5211,true
804,Christabella Domerq,+359 (378) 921-2317,false
805,Jonas Schimaschke,+62 (815) 369-1581,false
806,Wyatt Horsell,+359 (480) 899-0582,false
807,Charley Whates,+7 (799) 828-9119,false
808,Kliment Welford,+60 (711) 422-9053,false
809,Nollie MacInnes,+7 (313) 739-1068,true
810,Iago Dudman,+230 (565) 881-1819,true
811,Zelma Costan,+54 (766) 738-3942,false
812,Kent Bonhill,+86 (744) 413-9073,false
813,Jobie Muffin,+86 (529) 848-0992,true
814,Hillie Spowart,+7 (117) 729-1075,false
815,Nessa Dunsmuir,+86 (109) 688-4114,true
816,Gale Farlamb,+55 (444) 968-4116,false
817,Golda Orgill,+48 (216) 871-8442,true
818,Hadlee Dome,+86 (103) 366-6495,true
819,Isobel Shuttle,+1 (168) 297-8413,false
820,Peder Longridge,+86 (624) 835-8453,true
821,Ermanno Oliveras,+62 (506) 543-0224,false
822,Burk Truggian,+51 (127) 813-9134,false
823,Thornton Giovannoni,+63 (933) 250-4549,false
824,Carine Christoffe,+46 (536) 965-8989,false
825,Marcelia Fayers,+55 (428) 320-5616,true
826,Luci Papa,+62 (875) 279-4993,true
827,Marmaduke Wheeler,+62 (388) 216-5724,true
828,Fields Sheddan,+86 (754) 265-4892,true
829,Kienan Newcomb,+62 (195) 456-1119,false
830,Phedra Ellings,+86 (939) 553-7558,true
831,Kata Hicken,+387 (833) 452-6561,true
832,Beret Bedham,+98 (249) 849-2448,true
833,Brose Denning,+1 (442) 717-2026,true
834,Tilly Veivers,+1 (480) 677-9961,true
835,Lowe Kalisch,+86 (879) 370-7306,false
836,Gabi Belson,+33 (238) 496-5951,true
837,Igor Andrey,+48 (404) 267-9824,true
838,Fabio Barz,+55 (643) 372-3838,true
839,Gram Veall,+62 (462) 778-7436,false
840,Elizabeth Gonnin,+86 (507) 282-0122,true
841,Fawnia Harefoot,+351 (481) 538-7571,true
842,Beryle Chaddock,+7 (486) 706-9392,false
843,Nikki Cockram,+7 (809) 614-4652,false
844,Maureene Plet,+372 (561) 158-3384,true
845,Donall Rainey,+351 (235) 338-0794,false
846,Neil Asel,+249 (203) 445-8195,true
847,Sibeal Doel,+86 (152) 451-8125,false
848,Armand Normavell,+358 (280) 190-1160,true
849,Phaedra Clarey,+48 (662) 627-7147,true
850,Katrine Klaves,+382 (136) 832-4436,true
851,Marcelline Brunesco,+995 (587) 768-2198,true
852,Jsandye Paulson,+86 (317) 964-5334,false
853,Stavros Greser,+62 (865) 508-3341,true
854,Conway Gillyett,+62 (697) 106-6717,false
855,Nanette Thick,+420 (899) 927-9382,true
856,Wenonah Calafato,+7 (891) 581-3407,true
857,Brendon Oherlihy,+351 (524) 126-9545,true
858,Ches Pickup,+48 (312) 420-1150,true
859,Perl Zollner,+62 (270) 706-2838,true
860,Esmaria Wingate,+7 (461) 464-6126,false
861,Daryn Segges,+86 (802) 392-4253,false
862,Casandra Trinbey,+86 (131) 886-8551,false
863,Benoite O'Carran,+64 (388) 779-8006,false
864,Lauree Assaf,+66 (392) 705-3628,false
865,Carlotta Ciciotti,+48 (634) 980-3080,false
866,Tobin Cranson,+420 (965) 432-4446,false
867,Sully Dudleston,+81 (642) 969-6764,false
868,Dannel Wadmore,+86 (246) 323-9160,true
869,Ole Levane,+33 (434) 587-8326,false
870,Roldan Loving,+48 (329) 891-3536,false
871,Sophronia Ballingal,+86 (861) 425-9630,false
872,Annis Casina,+86 (687) 756-4829,true
873,Sydney Swaine,+62 (925) 158-2714,false
874,Sanson Kinsett,+63 (690) 229-2265,true
875,Marita Maple,+86 (871) 114-3425,false
876,Ansley Casale,+63 (314) 437-1641,true
877,Louella Sowten,+375 (975) 815-8538,false
878,Ari Cicculini,+254 (272) 273-6808,true
879,Lenka Jankin,+62 (415) 632-3560,false
880,Ber Bergeon,+86 (351) 290-3474,true
881,Elyn Manuele,+62 (334) 792-2601,true
882,Peder Coucher,+62 (254) 860-9654,false
883,Jodi Asser,+1 (733) 681-1136,true
884,Sena Bowering,+86 (458) 962-6323,false
885,Lurline Wanjek,+57 (182) 406-7421,true
886,Charita Bailey,+86 (585) 507-2224,false
887,Lennard Goodlife,+63 (274) 998-2969,true
888,Donny Banyard,+420 (632) 286-7132,false
889,Ronny Huffadine,+86 (792) 173-9530,true
890,Agosto Virgin,+86 (542) 168-4761,true
891,Devin Aingel,+51 (386) 594-4219,true
892,Mattie Danzig,+55 (734) 349-3847,true
893,Ursa Slidders,+420 (771) 358-7780,false
894,Pembroke O'Glassane,+52 (220) 652-6665,true
895,Grantham Thor,+976 (191) 949-3731,false
896,Leonora Pherps,+63 (924) 413-4756,true
897,Audrey Paviour,+86 (148) 384-6622,true
898,Chev Geeritz,+62 (691) 843-4067,false
899,Brunhilda Brecher,+62 (493) 426-8946,true
900,Burt Franciotti,+502 (822) 964-7592,false
901,Alisander Geratasch,+420 (677) 330-2617,true
902,Madelaine Emmerson,+62 (907) 550-4307,true
903,Katerina Crosson,+220 (341) 320-7473,true
904,Demeter Gahagan,+7 (128) 297-8541,false
905,Nealon Blankett,+380 (107) 152-4450,true
906,Quint Markwell,+86 (470) 457-7201,false
907,Cletis Devenport,+963 (742) 984-0535,true
908,Lorilyn Woolmington,+55 (702) 247-0878,true
909,Gale Lunck,+509 (946) 725-9242,false
910,Hannie Scotchbrook,+86 (107) 933-9321,true
911,Sophie Roycroft,+46 (720) 774-6401,false
912,Tootsie Ranyard,+1 (828) 348-7977,true
913,Guillaume Kerne,+1 (480) 495-8823,false
914,Jourdain Chalcraft,+86 (762) 964-7486,false
915,Dania Mapplethorpe,+970 (243) 549-3832,true
916,Lavinie Swain,+62 (642) 666-0182,false
917,Robenia Rowlings,+86 (460) 704-9638,false
918,Muhammad Grinyer,+86 (805) 844-2659,true
919,Charlene Warre,+33 (356) 200-1884,false
920,Jamaal Coyish,+81 (631) 398-5043,false
921,Fonz Preece,+691 (367) 167-5474,false
922,Yank Viant,+7 (275) 180-6299,true
923,Emeline Martellini,+7 (755) 315-4346,true
924,Gabe Bartalini,+358 (771) 310-1528,true
925,Davida Alesio,+7 (125) 241-0895,false
926,Karon Lemme,+212 (306) 362-6105,false
927,Lyndy Malter,+27 (481) 127-9724,true
928,Darryl Pattenden,+86 (713) 588-1208,false
929,Zacherie Loade,+351 (805) 315-1879,false
930,Rudiger Everett,+62 (634) 906-4887,true
931,Raf Younge,+86 (584) 129-9389,false
932,Dorolice Aldwick,+86 (651) 366-1848,true
933,Wendie Bearblock,+54 (633) 524-7263,true
934,Vanya Barrowcliffe,+504 (834) 835-9741,true
935,Willetta Rodmell,+58 (802) 217-1501,false
936,Reinold Treker,+48 (262) 842-2309,false
937,Thane Osman,+48 (607) 699-6416,false
938,Glory Britch,+86 (161) 392-2410,false
939,Frans Hovard,+86 (559) 694-8978,true
940,Dillie Veare,+57 (708) 594-3835,false
941,Lisle Lagne,+84 (704) 703-9421,true
942,Ivory Sooper,+7 (786) 804-9746,true
943,Orelee Bovaird,+86 (194) 646-3178,false
944,Aleen Clemon,+86 (380) 851-0320,true
945,Cletis Veighey,+51 (152) 912-1046,true
946,Haven Androlli,+62 (658) 393-9149,true
947,Abbye Guilliland,+86 (261) 299-5115,true
948,Marlene Sieb,+269 (728) 673-1559,true
949,Alessandro Orteau,+86 (437) 397-3841,true
950,Ninnette Curnokk,+7 (130) 889-5467,false
951,Delora Canto,+86 (708) 307-9157,false
952,Raye Giacomazzo,+967 (116) 850-0241,true
953,Marika Segebrecht,+33 (340) 490-1486,false
954,Cassondra Ambrogioli,+7 (487) 835-2022,true
955,Boyd Chapman,+7 (578) 637-1088,false
956,Lin Polgreen,+27 (125) 972-5726,true
957,Emlen Shaylor,+62 (345) 771-4791,false
958,Flossi Tetther,+48 (939) 809-9506,false
959,Lorna Heppenspall,+62 (924) 985-7581,true
960,Gerek Talby,+7 (885) 802-7793,true
961,Heda Andrivel,+976 (875) 739-3248,true
962,Scarlet Rabbe,+62 (665) 304-7129,true
963,Bowie Staddom,+86 (844) 878-5889,false
964,Rickert Chaize,+1 (439) 859-4705,true
965,Donnamarie Pfeffel,+62 (873) 326-2075,true
966,Rani Vedyaev,+86 (692) 563-1609,true
967,Kathy Urling,+386 (229) 190-5924,true
968,Gunner Ibbitt,+7 (546) 158-8798,false
969,Augustus Donaher,+62 (747) 667-2698,true
970,Goldia Dionisi,+56 (371) 286-1949,false
971,Christean Di Biagi,+359 (126) 610-7120,true
972,Josy Buckel,+63 (711) 998-1950,false
973,Tracy Burne,+963 (706) 596-9406,false
974,Elston Stothard,+1 (910) 730-4368,true
975,Clywd Paskell,+94 (291) 334-2638,true
976,June Dall,+62 (590) 598-9574,false
977,Kylila Raven,+7 (578) 833-5564,false
978,Laurence Penniall,+57 (952) 437-1498,false
979,Valle Viollet,+86 (103) 816-2760,false
980,Zora Ballantyne,+86 (975) 813-2000,true
981,Darill Piccop,+60 (558) 552-2717,true
982,Ilysa Lamberts,+55 (604) 921-0172,false
983,Hamlen Christophersen,+63 (122) 784-4844,true
984,Kim Gerriet,+55 (490) 692-0074,true
985,Bridgette Wallbutton,+57 (871) 944-5321,true
986,Agnes Jaquest,+58 (680) 580-9565,false
987,Buddy Hankinson,+355 (150) 944-4218,false
988,Chilton Tapsell,+62 (874) 805-1036,false
989,Kylie Strick,+7 (840) 613-0709,false
990,Dane Godbald,+380 (441) 507-0901,true
991,Jeramie Lloyd-Williams,+386 (920) 765-7279,false
992,Herminia Tudor,+1 (754) 386-9415,false
993,Suzie Swindles,+63 (981) 245-8076,true
994,Vilma Dodell,+63 (790) 186-5611,false
995,Dalli Leyband,+967 (699) 259-3354,true
996,Isobel Ravilus,+33 (968) 672-4802,false
997,Marjie Anfusso,+86 (394) 965-7261,true
998,Cleve Hlavac,+1 (814) 486-3351,true
999,Gerhardine Janicek,+86 (360) 368-6010,true
1000,Mag d' Eye,+256 (263) 229-4678,false
